,respcolor,stimcolor,trialnum,subject,stimword,reaction_time
0,Y,Y,1.0,156772.0,Y,1389.0
1,G,G,2.0,156772.0,G,2043.0
2,R,R,3.0,156772.0,R,1389.0
3,Y,Y,4.0,156772.0,Y,1092.0
4,G,G,5.0,156772.0,G,1310.0
5,R,R,6.0,156772.0,R,920.0
6,B,B,7.0,156772.0,B,1529.0
7,Y,Y,8.0,156772.0,Y,936.0
8,B,B,9.0,156772.0,B,1467.0
9,G,G,10.0,156772.0,G,1045.0
10,B,B,11.0,156772.0,B,1123.0
11,R,R,12.0,156772.0,R,1061.0
12,Y,Y,13.0,156772.0,Y,1029.0
13,R,R,14.0,156772.0,R,1732.0
14,Y,Y,15.0,156772.0,Y,1560.0
15,R,R,16.0,156772.0,R,1279.0
16,B,B,17.0,156772.0,B,1435.0
17,G,G,18.0,156772.0,G,952.0
18,B,B,19.0,156772.0,B,1326.0
19,G,G,20.0,156772.0,G,1185.0
20,R,R,21.0,156772.0,R,999.0
21,Y,Y,22.0,156772.0,Y,1029.0
22,G,G,23.0,156772.0,G,1170.0
23,Y,Y,24.0,156772.0,Y,968.0
24,G,G,25.0,156772.0,G,936.0
25,Y,Y,26.0,156772.0,Y,936.0
26,R,R,27.0,156772.0,R,1435.0
27,B,B,28.0,156772.0,B,951.0
28,G,G,29.0,156772.0,G,905.0
29,Y,Y,30.0,156772.0,Y,733.0
30,R,R,31.0,156772.0,R,843.0
31,Y,Y,32.0,156772.0,Y,905.0
32,B,B,33.0,156772.0,B,858.0
33,Y,Y,34.0,156772.0,Y,857.0
34,R,R,35.0,156772.0,R,1014.0
35,G,G,36.0,156772.0,G,1420.0
36,Y,Y,37.0,156772.0,Y,764.0
37,B,B,38.0,156772.0,B,718.0
38,R,R,39.0,156772.0,R,1404.0
39,G,G,40.0,156772.0,G,718.0
40,Y,Y,41.0,156772.0,Y,639.0
41,B,B,42.0,156772.0,B,702.0
42,Y,Y,43.0,156772.0,Y,718.0
43,R,R,44.0,156772.0,R,998.0
44,G,G,45.0,156772.0,G,1264.0
45,B,B,46.0,156772.0,Y,1264.0
46,R,R,47.0,156772.0,G,1357.0
47,Y,Y,48.0,156772.0,R,1732.0
48,B,B,49.0,156772.0,G,1762.0
49,Y,Y,50.0,156772.0,R,1576.0
50,G,G,51.0,156772.0,Y,1966.0
51,R,R,52.0,156772.0,B,1669.0
52,B,B,53.0,156772.0,Y,1669.0
53,R,R,54.0,156772.0,G,1685.0
54,G,G,55.0,156772.0,R,1450.0
55,B,B,56.0,156772.0,G,1404.0
56,Y,Y,57.0,156772.0,R,1420.0
57,R,R,58.0,156772.0,G,2387.0
58,G,G,59.0,156772.0,Y,1763.0
59,Y,Y,60.0,156772.0,B,1622.0
60,R,R,61.0,156772.0,G,1326.0
61,Y,G,62.0,156772.0,Y,1591.0
62,Y,Y,63.0,156772.0,B,1716.0
63,B,B,64.0,156772.0,G,1841.0
64,G,G,65.0,156772.0,Y,1669.0
65,R,R,66.0,156772.0,G,1466.0
66,G,G,67.0,156772.0,Y,1467.0
67,Y,Y,68.0,156772.0,B,1544.0
68,R,R,69.0,156772.0,G,1420.0
69,B,B,70.0,156772.0,Y,1435.0
70,Y,R,71.0,156772.0,G,1981.0
71,B,Y,72.0,156772.0,B,1576.0
72,R,R,73.0,156772.0,G,1840.0
73,G,G,74.0,156772.0,B,1358.0
74,B,B,75.0,156772.0,G,1653.0
75,Y,Y,76.0,156772.0,B,1420.0
76,G,G,77.0,156772.0,R,1544.0
77,B,B,78.0,156772.0,G,1560.0
78,G,G,79.0,156772.0,B,1311.0
79,B,B,80.0,156772.0,Y,1450.0
80,Y,Y,81.0,156772.0,G,1872.0
81,G,G,82.0,156772.0,Y,1857.0
82,R,R,83.0,156772.0,G,1872.0
83,B,B,84.0,156772.0,R,1216.0
84,G,G,85.0,156772.0,Y,1217.0
85,Y,Y,86.0,156772.0,R,1435.0
86,R,R,87.0,156772.0,G,1342.0
87,Y,Y,88.0,156772.0,B,1435.0
88,R,R,89.0,156772.0,G,1357.0
89,Y,Y,90.0,156772.0,B,1358.0
90,G,Y,1.0,156839.0,G,5770.0
91,G,G,2.0,156839.0,R,1848.0
92,R,R,3.0,156839.0,B,2176.0
93,G,B,4.0,156839.0,G,888.0
94,B,Y,5.0,156839.0,R,1176.0
95,B,R,6.0,156839.0,B,768.0
96,G,G,7.0,156839.0,R,368.0
97,B,B,8.0,156839.0,Y,672.0
98,G,G,9.0,156839.0,R,247.0
99,B,R,10.0,156839.0,Y,200.0
100,B,Y,11.0,156839.0,G,464.0
101,G,B,12.0,156839.0,R,151.0
102,B,Y,13.0,156839.0,G,192.0
103,G,G,14.0,156839.0,Y,184.0
104,B,Y,15.0,156839.0,R,175.0
105,G,B,16.0,156839.0,Y,184.0
106,B,Y,17.0,156839.0,R,184.0
107,G,G,18.0,156839.0,Y,135.0
108,B,B,19.0,156839.0,G,208.0
109,G,G,20.0,156839.0,B,128.0
110,B,R,21.0,156839.0,Y,200.0
111,G,Y,22.0,156839.0,B,119.0
112,B,R,23.0,156839.0,Y,200.0
113,G,Y,24.0,156839.0,B,144.0
114,B,B,25.0,156839.0,R,208.0
115,B,G,26.0,156839.0,Y,1240.0
116,G,Y,27.0,156839.0,R,264.0
117,B,G,28.0,156839.0,Y,192.0
118,G,B,29.0,156839.0,R,160.0
119,B,G,30.0,156839.0,B,208.0
120,G,B,31.0,156839.0,G,144.0
121,B,R,32.0,156839.0,Y,264.0
122,G,B,33.0,156839.0,R,176.0
123,B,R,34.0,156839.0,G,200.0
124,G,Y,35.0,156839.0,R,160.0
125,B,R,36.0,156839.0,G,200.0
126,G,G,37.0,156839.0,Y,144.0
127,B,Y,38.0,156839.0,B,200.0
128,G,G,39.0,156839.0,Y,151.0
129,B,Y,40.0,156839.0,R,192.0
130,G,R,41.0,156839.0,Y,168.0
131,B,B,42.0,156839.0,G,168.0
132,G,R,43.0,156839.0,B,184.0
133,B,B,44.0,156839.0,Y,248.0
134,G,G,45.0,156839.0,B,496.0
135,Y,Y,46.0,156839.0,Y,2150.0
136,G,G,47.0,156839.0,G,1920.0
137,G,Y,48.0,156839.0,Y,1984.0
138,B,B,49.0,156839.0,B,1136.0
139,Y,Y,50.0,156839.0,Y,792.0
140,G,R,51.0,156839.0,R,696.0
141,Y,Y,52.0,156839.0,Y,712.0
142,G,R,53.0,156839.0,R,1848.0
143,Y,Y,54.0,156839.0,Y,504.0
144,B,R,55.0,156839.0,R,128.0
145,G,G,56.0,156839.0,G,848.0
146,Y,Y,57.0,156839.0,Y,488.0
147,G,B,58.0,156839.0,B,472.0
148,Y,G,59.0,156839.0,G,544.0
149,G,Y,60.0,156839.0,Y,464.0
150,Y,G,61.0,156839.0,G,464.0
151,G,R,62.0,156839.0,R,448.0
152,G,G,63.0,156839.0,G,432.0
153,Y,R,64.0,156839.0,R,432.0
154,G,G,65.0,156839.0,G,472.0
155,Y,Y,66.0,156839.0,Y,464.0
156,G,B,67.0,156839.0,B,1128.0
157,G,Y,68.0,156839.0,Y,376.0
158,G,G,69.0,156839.0,G,456.0
159,G,R,70.0,156839.0,R,472.0
160,G,G,71.0,156839.0,G,560.0
161,Y,B,72.0,156839.0,B,904.0
162,G,Y,73.0,156839.0,Y,680.0
163,G,B,74.0,156839.0,B,1904.0
164,G,G,75.0,156839.0,G,600.0
165,G,Y,76.0,156839.0,Y,552.0
166,Y,B,77.0,156839.0,B,592.0
167,G,Y,78.0,156839.0,Y,592.0
168,Y,B,79.0,156839.0,B,536.0
169,G,Y,80.0,156839.0,Y,472.0
170,G,G,81.0,156839.0,G,840.0
171,Y,Y,82.0,156839.0,Y,624.0
172,G,B,83.0,156839.0,B,624.0
173,B,Y,84.0,156839.0,Y,424.0
174,B,R,85.0,156839.0,R,504.0
175,B,Y,86.0,156839.0,Y,504.0
176,B,R,87.0,156839.0,R,360.0
177,B,B,88.0,156839.0,B,224.0
178,G,Y,89.0,156839.0,Y,320.0
179,Y,B,90.0,156839.0,B,360.0
180,G,G,3.0,156880.0,Y,4992.0
181,Y,Y,4.0,156880.0,R,1904.0
182,R,R,5.0,156880.0,G,5320.0
183,Y,Y,6.0,156880.0,R,3432.0
184,B,B,7.0,156880.0,G,3856.0
185,Y,Y,8.0,156880.0,R,1536.0
186,B,B,9.0,156880.0,G,1656.0
187,R,R,10.0,156880.0,B,1872.0
188,B,B,11.0,156880.0,G,2088.0
189,G,G,12.0,156880.0,B,5256.0
190,G,G,14.0,156880.0,B,1552.0
191,B,B,15.0,156880.0,Y,2208.0
192,Y,Y,16.0,156880.0,B,1648.0
193,B,B,17.0,156880.0,G,1752.0
194,R,R,18.0,156880.0,Y,5344.0
195,B,B,19.0,156880.0,R,3432.0
196,R,R,20.0,156880.0,B,1968.0
197,Y,Y,21.0,156880.0,G,1440.0
198,R,R,22.0,156880.0,B,1599.0
199,G,G,23.0,156880.0,R,1711.0
200,R,R,24.0,156880.0,B,1560.0
201,B,B,25.0,156880.0,G,2856.0
202,G,G,26.0,156880.0,Y,1888.0
203,B,B,27.0,156880.0,R,1512.0
204,Y,Y,28.0,156880.0,G,1904.0
205,G,G,29.0,156880.0,B,2799.0
206,B,B,30.0,156880.0,Y,1648.0
207,Y,Y,31.0,156880.0,G,1551.0
208,B,B,32.0,156880.0,R,1360.0
209,R,R,33.0,156880.0,B,1447.0
210,B,B,34.0,156880.0,G,3256.0
211,G,G,35.0,156880.0,Y,3560.0
212,R,R,36.0,156880.0,G,1615.0
213,G,G,37.0,156880.0,R,1655.0
214,Y,Y,38.0,156880.0,G,1599.0
215,B,B,39.0,156880.0,Y,2455.0
216,G,G,40.0,156880.0,B,2423.0
217,B,B,41.0,156880.0,R,1575.0
218,G,G,42.0,156880.0,Y,2623.0
219,Y,Y,43.0,156880.0,R,1687.0
220,G,G,44.0,156880.0,B,1591.0
221,R,R,45.0,156880.0,Y,2240.0
222,R,R,47.0,156880.0,R,1424.0
223,B,B,48.0,156880.0,B,1968.0
224,R,R,49.0,156880.0,R,1440.0
225,R,R,51.0,156880.0,R,5760.0
226,Y,Y,52.0,156880.0,Y,3200.0
227,R,R,53.0,156880.0,R,1224.0
228,Y,Y,54.0,156880.0,Y,1104.0
229,B,B,55.0,156880.0,B,1360.0
230,G,G,56.0,156880.0,G,2152.0
231,R,R,57.0,156880.0,R,1248.0
232,B,B,58.0,156880.0,B,1152.0
233,G,G,59.0,156880.0,G,1504.0
234,R,R,60.0,156880.0,R,1592.0
235,G,G,61.0,156880.0,G,1400.0
236,R,R,62.0,156880.0,R,1096.0
237,G,G,63.0,156880.0,G,1016.0
238,Y,Y,64.0,156880.0,Y,1120.0
239,R,R,65.0,156880.0,R,2032.0
240,Y,Y,66.0,156880.0,Y,1072.0
241,B,B,67.0,156880.0,B,1136.0
242,R,R,68.0,156880.0,R,1008.0
243,Y,Y,69.0,156880.0,Y,976.0
244,B,B,70.0,156880.0,B,992.0
245,Y,Y,71.0,156880.0,Y,1048.0
246,G,G,72.0,156880.0,G,1040.0
247,R,R,73.0,156880.0,R,1080.0
248,G,G,74.0,156880.0,G,1024.0
249,B,B,75.0,156880.0,B,1144.0
250,R,R,76.0,156880.0,R,952.0
251,G,G,77.0,156880.0,G,1008.0
252,B,B,78.0,156880.0,B,1264.0
253,Y,Y,79.0,156880.0,Y,1000.0
254,B,B,80.0,156880.0,B,968.0
255,Y,Y,81.0,156880.0,Y,1000.0
256,R,R,82.0,156880.0,R,1192.0
257,Y,Y,83.0,156880.0,Y,944.0
258,B,B,84.0,156880.0,B,936.0
259,Y,Y,85.0,156880.0,Y,896.0
260,G,G,86.0,156880.0,G,936.0
261,Y,Y,87.0,156880.0,Y,944.0
262,R,R,88.0,156880.0,R,984.0
263,G,G,89.0,156880.0,G,1096.0
264,R,R,90.0,156880.0,R,984.0
265,G,G,3.0,156881.0,Y,4992.0
266,Y,Y,4.0,156881.0,R,1904.0
267,R,R,5.0,156881.0,G,5320.0
268,Y,Y,6.0,156881.0,R,3432.0
269,B,B,7.0,156881.0,G,3856.0
270,Y,Y,8.0,156881.0,R,1536.0
271,B,B,9.0,156881.0,G,1656.0
272,R,R,10.0,156881.0,B,1872.0
273,B,B,11.0,156881.0,G,2088.0
274,G,G,12.0,156881.0,B,5256.0
275,G,G,14.0,156881.0,B,1552.0
276,B,B,15.0,156881.0,Y,2208.0
277,Y,Y,16.0,156881.0,B,1648.0
278,B,B,17.0,156881.0,G,1752.0
279,R,R,18.0,156881.0,Y,5344.0
280,B,B,19.0,156881.0,R,3432.0
281,R,R,20.0,156881.0,B,1968.0
282,Y,Y,21.0,156881.0,G,1440.0
283,R,R,22.0,156881.0,B,1599.0
284,G,G,23.0,156881.0,R,1711.0
285,R,R,24.0,156881.0,B,1560.0
286,B,B,25.0,156881.0,G,2856.0
287,G,G,26.0,156881.0,Y,1888.0
288,B,B,27.0,156881.0,R,1512.0
289,Y,Y,28.0,156881.0,G,1904.0
290,G,G,29.0,156881.0,B,2799.0
291,B,B,30.0,156881.0,Y,1648.0
292,Y,Y,31.0,156881.0,G,1551.0
293,B,B,32.0,156881.0,R,1360.0
294,R,R,33.0,156881.0,B,1447.0
295,B,B,34.0,156881.0,G,3256.0
296,G,G,35.0,156881.0,Y,3560.0
297,R,R,36.0,156881.0,G,1615.0
298,G,G,37.0,156881.0,R,1655.0
299,Y,Y,38.0,156881.0,G,1599.0
300,B,B,39.0,156881.0,Y,2455.0
301,G,G,40.0,156881.0,B,2423.0
302,B,B,41.0,156881.0,R,1575.0
303,G,G,42.0,156881.0,Y,2623.0
304,Y,Y,43.0,156881.0,R,1687.0
305,G,G,44.0,156881.0,B,1591.0
306,R,R,45.0,156881.0,Y,2240.0
307,R,R,47.0,156881.0,R,1424.0
308,B,B,48.0,156881.0,B,1968.0
309,R,R,49.0,156881.0,R,1440.0
310,R,R,51.0,156881.0,R,5760.0
311,Y,Y,52.0,156881.0,Y,3200.0
312,R,R,53.0,156881.0,R,1224.0
313,Y,Y,54.0,156881.0,Y,1104.0
314,B,B,55.0,156881.0,B,1360.0
315,G,G,56.0,156881.0,G,2152.0
316,R,R,57.0,156881.0,R,1248.0
317,B,B,58.0,156881.0,B,1152.0
318,G,G,59.0,156881.0,G,1504.0
319,R,R,60.0,156881.0,R,1592.0
320,G,G,61.0,156881.0,G,1400.0
321,R,R,62.0,156881.0,R,1096.0
322,G,G,63.0,156881.0,G,1016.0
323,Y,Y,64.0,156881.0,Y,1120.0
324,R,R,65.0,156881.0,R,2032.0
325,Y,Y,66.0,156881.0,Y,1072.0
326,B,B,67.0,156881.0,B,1136.0
327,R,R,68.0,156881.0,R,1008.0
328,Y,Y,69.0,156881.0,Y,976.0
329,B,B,70.0,156881.0,B,992.0
330,Y,Y,71.0,156881.0,Y,1048.0
331,G,G,72.0,156881.0,G,1040.0
332,R,R,73.0,156881.0,R,1080.0
333,G,G,74.0,156881.0,G,1024.0
334,B,B,75.0,156881.0,B,1144.0
335,R,R,76.0,156881.0,R,952.0
336,G,G,77.0,156881.0,G,1008.0
337,B,B,78.0,156881.0,B,1264.0
338,Y,Y,79.0,156881.0,Y,1000.0
339,B,B,80.0,156881.0,B,968.0
340,Y,Y,81.0,156881.0,Y,1000.0
341,R,R,82.0,156881.0,R,1192.0
342,Y,Y,83.0,156881.0,Y,944.0
343,B,B,84.0,156881.0,B,936.0
344,Y,Y,85.0,156881.0,Y,896.0
345,G,G,86.0,156881.0,G,936.0
346,Y,Y,87.0,156881.0,Y,944.0
347,R,R,88.0,156881.0,R,984.0
348,G,G,89.0,156881.0,G,1096.0
349,R,R,90.0,156881.0,R,984.0
350,G,G,3.0,156882.0,Y,4992.0
351,Y,Y,4.0,156882.0,R,1904.0
352,R,R,5.0,156882.0,G,5320.0
353,Y,Y,6.0,156882.0,R,3432.0
354,B,B,7.0,156882.0,G,3856.0
355,Y,Y,8.0,156882.0,R,1536.0
356,B,B,9.0,156882.0,G,1656.0
357,R,R,10.0,156882.0,B,1872.0
358,B,B,11.0,156882.0,G,2088.0
359,G,G,12.0,156882.0,B,5256.0
360,G,G,14.0,156882.0,B,1552.0
361,B,B,15.0,156882.0,Y,2208.0
362,Y,Y,16.0,156882.0,B,1648.0
363,B,B,17.0,156882.0,G,1752.0
364,R,R,18.0,156882.0,Y,5344.0
365,B,B,19.0,156882.0,R,3432.0
366,R,R,20.0,156882.0,B,1968.0
367,Y,Y,21.0,156882.0,G,1440.0
368,R,R,22.0,156882.0,B,1599.0
369,G,G,23.0,156882.0,R,1711.0
370,R,R,24.0,156882.0,B,1560.0
371,B,B,25.0,156882.0,G,2856.0
372,G,G,26.0,156882.0,Y,1888.0
373,B,B,27.0,156882.0,R,1512.0
374,Y,Y,28.0,156882.0,G,1904.0
375,G,G,29.0,156882.0,B,2799.0
376,B,B,30.0,156882.0,Y,1648.0
377,Y,Y,31.0,156882.0,G,1551.0
378,B,B,32.0,156882.0,R,1360.0
379,R,R,33.0,156882.0,B,1447.0
380,B,B,34.0,156882.0,G,3256.0
381,G,G,35.0,156882.0,Y,3560.0
382,R,R,36.0,156882.0,G,1615.0
383,G,G,37.0,156882.0,R,1655.0
384,Y,Y,38.0,156882.0,G,1599.0
385,B,B,39.0,156882.0,Y,2455.0
386,G,G,40.0,156882.0,B,2423.0
387,B,B,41.0,156882.0,R,1575.0
388,G,G,42.0,156882.0,Y,2623.0
389,Y,Y,43.0,156882.0,R,1687.0
390,G,G,44.0,156882.0,B,1591.0
391,R,R,45.0,156882.0,Y,2240.0
392,R,R,47.0,156882.0,R,1424.0
393,B,B,48.0,156882.0,B,1968.0
394,R,R,49.0,156882.0,R,1440.0
395,R,R,51.0,156882.0,R,5760.0
396,Y,Y,52.0,156882.0,Y,3200.0
397,R,R,53.0,156882.0,R,1224.0
398,Y,Y,54.0,156882.0,Y,1104.0
399,B,B,55.0,156882.0,B,1360.0
400,G,G,56.0,156882.0,G,2152.0
401,R,R,57.0,156882.0,R,1248.0
402,B,B,58.0,156882.0,B,1152.0
403,G,G,59.0,156882.0,G,1504.0
404,R,R,60.0,156882.0,R,1592.0
405,G,G,61.0,156882.0,G,1400.0
406,R,R,62.0,156882.0,R,1096.0
407,G,G,63.0,156882.0,G,1016.0
408,Y,Y,64.0,156882.0,Y,1120.0
409,R,R,65.0,156882.0,R,2032.0
410,Y,Y,66.0,156882.0,Y,1072.0
411,B,B,67.0,156882.0,B,1136.0
412,R,R,68.0,156882.0,R,1008.0
413,Y,Y,69.0,156882.0,Y,976.0
414,B,B,70.0,156882.0,B,992.0
415,Y,Y,71.0,156882.0,Y,1048.0
416,G,G,72.0,156882.0,G,1040.0
417,R,R,73.0,156882.0,R,1080.0
418,G,G,74.0,156882.0,G,1024.0
419,B,B,75.0,156882.0,B,1144.0
420,R,R,76.0,156882.0,R,952.0
421,G,G,77.0,156882.0,G,1008.0
422,B,B,78.0,156882.0,B,1264.0
423,Y,Y,79.0,156882.0,Y,1000.0
424,B,B,80.0,156882.0,B,968.0
425,Y,Y,81.0,156882.0,Y,1000.0
426,R,R,82.0,156882.0,R,1192.0
427,Y,Y,83.0,156882.0,Y,944.0
428,B,B,84.0,156882.0,B,936.0
429,Y,Y,85.0,156882.0,Y,896.0
430,G,G,86.0,156882.0,G,936.0
431,Y,Y,87.0,156882.0,Y,944.0
432,R,R,88.0,156882.0,R,984.0
433,G,G,89.0,156882.0,G,1096.0
434,R,R,90.0,156882.0,R,984.0
435,G,G,3.0,156883.0,Y,4992.0
436,Y,Y,4.0,156883.0,R,1904.0
437,R,R,5.0,156883.0,G,5320.0
438,Y,Y,6.0,156883.0,R,3432.0
439,B,B,7.0,156883.0,G,3856.0
440,Y,Y,8.0,156883.0,R,1536.0
441,B,B,9.0,156883.0,G,1656.0
442,R,R,10.0,156883.0,B,1872.0
443,B,B,11.0,156883.0,G,2088.0
444,G,G,12.0,156883.0,B,5256.0
445,G,G,14.0,156883.0,B,1552.0
446,B,B,15.0,156883.0,Y,2208.0
447,Y,Y,16.0,156883.0,B,1648.0
448,B,B,17.0,156883.0,G,1752.0
449,R,R,18.0,156883.0,Y,5344.0
450,B,B,19.0,156883.0,R,3432.0
451,R,R,20.0,156883.0,B,1968.0
452,Y,Y,21.0,156883.0,G,1440.0
453,R,R,22.0,156883.0,B,1599.0
454,G,G,23.0,156883.0,R,1711.0
455,R,R,24.0,156883.0,B,1560.0
456,B,B,25.0,156883.0,G,2856.0
457,G,G,26.0,156883.0,Y,1888.0
458,B,B,27.0,156883.0,R,1512.0
459,Y,Y,28.0,156883.0,G,1904.0
460,G,G,29.0,156883.0,B,2799.0
461,B,B,30.0,156883.0,Y,1648.0
462,Y,Y,31.0,156883.0,G,1551.0
463,B,B,32.0,156883.0,R,1360.0
464,R,R,33.0,156883.0,B,1447.0
465,B,B,34.0,156883.0,G,3256.0
466,G,G,35.0,156883.0,Y,3560.0
467,R,R,36.0,156883.0,G,1615.0
468,G,G,37.0,156883.0,R,1655.0
469,Y,Y,38.0,156883.0,G,1599.0
470,B,B,39.0,156883.0,Y,2455.0
471,G,G,40.0,156883.0,B,2423.0
472,B,B,41.0,156883.0,R,1575.0
473,G,G,42.0,156883.0,Y,2623.0
474,Y,Y,43.0,156883.0,R,1687.0
475,G,G,44.0,156883.0,B,1591.0
476,R,R,45.0,156883.0,Y,2240.0
477,R,R,47.0,156883.0,R,1424.0
478,B,B,48.0,156883.0,B,1968.0
479,R,R,49.0,156883.0,R,1440.0
480,R,R,51.0,156883.0,R,5760.0
481,Y,Y,52.0,156883.0,Y,3200.0
482,R,R,53.0,156883.0,R,1224.0
483,Y,Y,54.0,156883.0,Y,1104.0
484,B,B,55.0,156883.0,B,1360.0
485,G,G,56.0,156883.0,G,2152.0
486,R,R,57.0,156883.0,R,1248.0
487,B,B,58.0,156883.0,B,1152.0
488,G,G,59.0,156883.0,G,1504.0
489,R,R,60.0,156883.0,R,1592.0
490,G,G,61.0,156883.0,G,1400.0
491,R,R,62.0,156883.0,R,1096.0
492,G,G,63.0,156883.0,G,1016.0
493,Y,Y,64.0,156883.0,Y,1120.0
494,R,R,65.0,156883.0,R,2032.0
495,Y,Y,66.0,156883.0,Y,1072.0
496,B,B,67.0,156883.0,B,1136.0
497,R,R,68.0,156883.0,R,1008.0
498,Y,Y,69.0,156883.0,Y,976.0
499,B,B,70.0,156883.0,B,992.0
500,Y,Y,71.0,156883.0,Y,1048.0
501,G,G,72.0,156883.0,G,1040.0
502,R,R,73.0,156883.0,R,1080.0
503,G,G,74.0,156883.0,G,1024.0
504,B,B,75.0,156883.0,B,1144.0
505,R,R,76.0,156883.0,R,952.0
506,G,G,77.0,156883.0,G,1008.0
507,B,B,78.0,156883.0,B,1264.0
508,Y,Y,79.0,156883.0,Y,1000.0
509,B,B,80.0,156883.0,B,968.0
510,Y,Y,81.0,156883.0,Y,1000.0
511,R,R,82.0,156883.0,R,1192.0
512,Y,Y,83.0,156883.0,Y,944.0
513,B,B,84.0,156883.0,B,936.0
514,Y,Y,85.0,156883.0,Y,896.0
515,G,G,86.0,156883.0,G,936.0
516,Y,Y,87.0,156883.0,Y,944.0
517,R,R,88.0,156883.0,R,984.0
518,G,G,89.0,156883.0,G,1096.0
519,R,R,90.0,156883.0,R,984.0
520,G,G,3.0,156884.0,Y,4992.0
521,Y,Y,4.0,156884.0,R,1904.0
522,R,R,5.0,156884.0,G,5320.0
523,Y,Y,6.0,156884.0,R,3432.0
524,B,B,7.0,156884.0,G,3856.0
525,Y,Y,8.0,156884.0,R,1536.0
526,B,B,9.0,156884.0,G,1656.0
527,R,R,10.0,156884.0,B,1872.0
528,B,B,11.0,156884.0,G,2088.0
529,G,G,12.0,156884.0,B,5256.0
530,G,G,14.0,156884.0,B,1552.0
531,B,B,15.0,156884.0,Y,2208.0
532,Y,Y,16.0,156884.0,B,1648.0
533,B,B,17.0,156884.0,G,1752.0
534,R,R,18.0,156884.0,Y,5344.0
535,B,B,19.0,156884.0,R,3432.0
536,R,R,20.0,156884.0,B,1968.0
537,Y,Y,21.0,156884.0,G,1440.0
538,R,R,22.0,156884.0,B,1599.0
539,G,G,23.0,156884.0,R,1711.0
540,R,R,24.0,156884.0,B,1560.0
541,B,B,25.0,156884.0,G,2856.0
542,G,G,26.0,156884.0,Y,1888.0
543,B,B,27.0,156884.0,R,1512.0
544,Y,Y,28.0,156884.0,G,1904.0
545,G,G,29.0,156884.0,B,2799.0
546,B,B,30.0,156884.0,Y,1648.0
547,Y,Y,31.0,156884.0,G,1551.0
548,B,B,32.0,156884.0,R,1360.0
549,R,R,33.0,156884.0,B,1447.0
550,B,B,34.0,156884.0,G,3256.0
551,G,G,35.0,156884.0,Y,3560.0
552,R,R,36.0,156884.0,G,1615.0
553,G,G,37.0,156884.0,R,1655.0
554,Y,Y,38.0,156884.0,G,1599.0
555,B,B,39.0,156884.0,Y,2455.0
556,G,G,40.0,156884.0,B,2423.0
557,B,B,41.0,156884.0,R,1575.0
558,G,G,42.0,156884.0,Y,2623.0
559,Y,Y,43.0,156884.0,R,1687.0
560,G,G,44.0,156884.0,B,1591.0
561,R,R,45.0,156884.0,Y,2240.0
562,R,R,47.0,156884.0,R,1424.0
563,B,B,48.0,156884.0,B,1968.0
564,R,R,49.0,156884.0,R,1440.0
565,R,R,51.0,156884.0,R,5760.0
566,Y,Y,52.0,156884.0,Y,3200.0
567,R,R,53.0,156884.0,R,1224.0
568,Y,Y,54.0,156884.0,Y,1104.0
569,B,B,55.0,156884.0,B,1360.0
570,G,G,56.0,156884.0,G,2152.0
571,R,R,57.0,156884.0,R,1248.0
572,B,B,58.0,156884.0,B,1152.0
573,G,G,59.0,156884.0,G,1504.0
574,R,R,60.0,156884.0,R,1592.0
575,G,G,61.0,156884.0,G,1400.0
576,R,R,62.0,156884.0,R,1096.0
577,G,G,63.0,156884.0,G,1016.0
578,Y,Y,64.0,156884.0,Y,1120.0
579,R,R,65.0,156884.0,R,2032.0
580,Y,Y,66.0,156884.0,Y,1072.0
581,B,B,67.0,156884.0,B,1136.0
582,R,R,68.0,156884.0,R,1008.0
583,Y,Y,69.0,156884.0,Y,976.0
584,B,B,70.0,156884.0,B,992.0
585,Y,Y,71.0,156884.0,Y,1048.0
586,G,G,72.0,156884.0,G,1040.0
587,R,R,73.0,156884.0,R,1080.0
588,G,G,74.0,156884.0,G,1024.0
589,B,B,75.0,156884.0,B,1144.0
590,R,R,76.0,156884.0,R,952.0
591,G,G,77.0,156884.0,G,1008.0
592,B,B,78.0,156884.0,B,1264.0
593,Y,Y,79.0,156884.0,Y,1000.0
594,B,B,80.0,156884.0,B,968.0
595,Y,Y,81.0,156884.0,Y,1000.0
596,R,R,82.0,156884.0,R,1192.0
597,Y,Y,83.0,156884.0,Y,944.0
598,B,B,84.0,156884.0,B,936.0
599,Y,Y,85.0,156884.0,Y,896.0
600,G,G,86.0,156884.0,G,936.0
601,Y,Y,87.0,156884.0,Y,944.0
602,R,R,88.0,156884.0,R,984.0
603,G,G,89.0,156884.0,G,1096.0
604,R,R,90.0,156884.0,R,984.0
605,G,G,3.0,156885.0,Y,4992.0
606,Y,Y,4.0,156885.0,R,1904.0
607,R,R,5.0,156885.0,G,5320.0
608,Y,Y,6.0,156885.0,R,3432.0
609,B,B,7.0,156885.0,G,3856.0
610,Y,Y,8.0,156885.0,R,1536.0
611,B,B,9.0,156885.0,G,1656.0
612,R,R,10.0,156885.0,B,1872.0
613,B,B,11.0,156885.0,G,2088.0
614,G,G,12.0,156885.0,B,5256.0
615,G,G,14.0,156885.0,B,1552.0
616,B,B,15.0,156885.0,Y,2208.0
617,Y,Y,16.0,156885.0,B,1648.0
618,B,B,17.0,156885.0,G,1752.0
619,R,R,18.0,156885.0,Y,5344.0
620,B,B,19.0,156885.0,R,3432.0
621,R,R,20.0,156885.0,B,1968.0
622,Y,Y,21.0,156885.0,G,1440.0
623,R,R,22.0,156885.0,B,1599.0
624,G,G,23.0,156885.0,R,1711.0
625,R,R,24.0,156885.0,B,1560.0
626,B,B,25.0,156885.0,G,2856.0
627,G,G,26.0,156885.0,Y,1888.0
628,B,B,27.0,156885.0,R,1512.0
629,Y,Y,28.0,156885.0,G,1904.0
630,G,G,29.0,156885.0,B,2799.0
631,B,B,30.0,156885.0,Y,1648.0
632,Y,Y,31.0,156885.0,G,1551.0
633,B,B,32.0,156885.0,R,1360.0
634,R,R,33.0,156885.0,B,1447.0
635,B,B,34.0,156885.0,G,3256.0
636,G,G,35.0,156885.0,Y,3560.0
637,R,R,36.0,156885.0,G,1615.0
638,G,G,37.0,156885.0,R,1655.0
639,Y,Y,38.0,156885.0,G,1599.0
640,B,B,39.0,156885.0,Y,2455.0
641,G,G,40.0,156885.0,B,2423.0
642,B,B,41.0,156885.0,R,1575.0
643,G,G,42.0,156885.0,Y,2623.0
644,Y,Y,43.0,156885.0,R,1687.0
645,G,G,44.0,156885.0,B,1591.0
646,R,R,45.0,156885.0,Y,2240.0
647,R,R,47.0,156885.0,R,1424.0
648,B,B,48.0,156885.0,B,1968.0
649,R,R,49.0,156885.0,R,1440.0
650,R,R,51.0,156885.0,R,5760.0
651,Y,Y,52.0,156885.0,Y,3200.0
652,R,R,53.0,156885.0,R,1224.0
653,Y,Y,54.0,156885.0,Y,1104.0
654,B,B,55.0,156885.0,B,1360.0
655,G,G,56.0,156885.0,G,2152.0
656,R,R,57.0,156885.0,R,1248.0
657,B,B,58.0,156885.0,B,1152.0
658,G,G,59.0,156885.0,G,1504.0
659,R,R,60.0,156885.0,R,1592.0
660,G,G,61.0,156885.0,G,1400.0
661,R,R,62.0,156885.0,R,1096.0
662,G,G,63.0,156885.0,G,1016.0
663,Y,Y,64.0,156885.0,Y,1120.0
664,R,R,65.0,156885.0,R,2032.0
665,Y,Y,66.0,156885.0,Y,1072.0
666,B,B,67.0,156885.0,B,1136.0
667,R,R,68.0,156885.0,R,1008.0
668,Y,Y,69.0,156885.0,Y,976.0
669,B,B,70.0,156885.0,B,992.0
670,Y,Y,71.0,156885.0,Y,1048.0
671,G,G,72.0,156885.0,G,1040.0
672,R,R,73.0,156885.0,R,1080.0
673,G,G,74.0,156885.0,G,1024.0
674,B,B,75.0,156885.0,B,1144.0
675,R,R,76.0,156885.0,R,952.0
676,G,G,77.0,156885.0,G,1008.0
677,B,B,78.0,156885.0,B,1264.0
678,Y,Y,79.0,156885.0,Y,1000.0
679,B,B,80.0,156885.0,B,968.0
680,Y,Y,81.0,156885.0,Y,1000.0
681,R,R,82.0,156885.0,R,1192.0
682,Y,Y,83.0,156885.0,Y,944.0
683,B,B,84.0,156885.0,B,936.0
684,Y,Y,85.0,156885.0,Y,896.0
685,G,G,86.0,156885.0,G,936.0
686,Y,Y,87.0,156885.0,Y,944.0
687,R,R,88.0,156885.0,R,984.0
688,G,G,89.0,156885.0,G,1096.0
689,R,R,90.0,156885.0,R,984.0
690,G,G,1.0,156856.0,G,1014.0
691,B,B,2.0,156856.0,B,1716.0
692,G,G,3.0,156856.0,G,936.0
693,Y,Y,4.0,156856.0,Y,1108.0
694,B,B,5.0,156856.0,B,1591.0
695,Y,Y,6.0,156856.0,Y,858.0
696,B,B,7.0,156856.0,B,671.0
697,Y,Y,8.0,156856.0,Y,858.0
698,B,B,9.0,156856.0,B,671.0
699,R,R,10.0,156856.0,R,951.0
700,B,B,11.0,156856.0,B,1170.0
701,G,G,12.0,156856.0,G,1233.0
702,B,B,13.0,156856.0,B,1513.0
703,R,R,14.0,156856.0,R,1997.0
704,G,G,15.0,156856.0,G,1154.0
705,R,R,16.0,156856.0,R,1295.0
706,B,B,17.0,156856.0,B,1154.0
707,R,R,18.0,156856.0,R,796.0
708,Y,Y,19.0,156856.0,Y,764.0
709,G,G,20.0,156856.0,G,1155.0
710,R,R,21.0,156856.0,R,1357.0
711,G,G,22.0,156856.0,G,1232.0
712,Y,Y,23.0,156856.0,Y,734.0
713,R,R,24.0,156856.0,R,904.0
714,B,B,25.0,156856.0,B,1030.0
715,R,R,26.0,156856.0,R,826.0
716,G,G,27.0,156856.0,G,1482.0
717,Y,Y,28.0,156856.0,Y,656.0
718,G,G,29.0,156856.0,G,998.0
719,R,R,30.0,156856.0,R,1154.0
720,B,B,31.0,156856.0,B,734.0
721,G,G,32.0,156856.0,G,1279.0
722,B,B,33.0,156856.0,B,1123.0
723,Y,Y,34.0,156856.0,Y,562.0
724,R,R,35.0,156856.0,R,796.0
725,G,G,36.0,156856.0,G,702.0
726,B,B,37.0,156856.0,B,951.0
727,Y,Y,38.0,156856.0,Y,546.0
728,R,R,39.0,156856.0,R,1014.0
729,B,B,40.0,156856.0,B,1030.0
730,Y,Y,41.0,156856.0,Y,608.0
731,B,B,42.0,156856.0,B,905.0
732,R,R,43.0,156856.0,R,639.0
733,G,G,44.0,156856.0,G,671.0
734,B,B,45.0,156856.0,B,921.0
735,R,R,46.0,156856.0,Y,1373.0
736,G,G,47.0,156856.0,B,1373.0
737,R,R,48.0,156856.0,Y,1263.0
738,Y,Y,49.0,156856.0,B,983.0
739,G,R,50.0,156856.0,G,1326.0
740,B,G,51.0,156856.0,B,936.0
741,B,B,52.0,156856.0,R,1513.0
742,R,R,53.0,156856.0,B,1982.0
743,Y,Y,54.0,156856.0,R,780.0
744,B,B,55.0,156856.0,G,1107.0
745,G,G,56.0,156856.0,R,780.0
746,Y,Y,57.0,156856.0,B,749.0
747,R,R,58.0,156856.0,G,1248.0
748,G,G,59.0,156856.0,Y,889.0
749,Y,Y,60.0,156856.0,R,905.0
750,G,G,61.0,156856.0,Y,2355.0
751,Y,Y,62.0,156856.0,B,827.0
752,B,B,63.0,156856.0,G,1092.0
753,R,R,64.0,156856.0,Y,827.0
754,G,G,65.0,156856.0,B,842.0
755,Y,Y,66.0,156856.0,R,780.0
756,R,R,67.0,156856.0,B,1482.0
757,Y,Y,68.0,156856.0,R,765.0
758,B,B,69.0,156856.0,Y,1341.0
759,R,R,70.0,156856.0,B,1607.0
760,G,G,71.0,156856.0,R,1248.0
761,R,R,72.0,156856.0,G,998.0
762,Y,Y,73.0,156856.0,R,827.0
763,R,R,74.0,156856.0,B,2199.0
764,G,G,75.0,156856.0,R,1529.0
765,G,R,76.0,156856.0,G,219.0
766,G,G,77.0,156856.0,B,2028.0
767,B,B,78.0,156856.0,Y,1217.0
768,R,R,79.0,156856.0,G,1342.0
769,B,B,80.0,156856.0,Y,1357.0
770,G,G,81.0,156856.0,B,905.0
771,B,B,82.0,156856.0,R,1076.0
772,Y,Y,83.0,156856.0,B,952.0
773,B,B,84.0,156856.0,R,733.0
774,G,G,85.0,156856.0,Y,873.0
775,B,B,86.0,156856.0,R,1482.0
776,Y,Y,87.0,156856.0,B,734.0
777,R,R,88.0,156856.0,Y,858.0
778,B,B,89.0,156856.0,R,920.0
779,R,R,90.0,156856.0,Y,1123.0
780,G,G,2.0,156857.0,B,4000.0
781,Y,Y,3.0,156857.0,R,2920.0
782,R,R,4.0,156857.0,B,2184.0
783,B,B,5.0,156857.0,Y,2152.0
784,G,G,6.0,156857.0,B,5312.0
785,R,R,7.0,156857.0,Y,2432.0
786,B,B,8.0,156857.0,G,3200.0
787,R,R,9.0,156857.0,Y,5087.0
788,B,B,10.0,156857.0,G,1937.0
789,R,R,11.0,156857.0,B,1487.0
790,B,B,12.0,156857.0,Y,1263.0
791,G,G,13.0,156857.0,R,1215.0
792,B,B,14.0,156857.0,Y,2384.0
793,B,Y,15.0,156857.0,R,616.0
794,B,B,16.0,156857.0,G,1984.0
795,G,G,17.0,156857.0,Y,1368.0
796,R,R,18.0,156857.0,B,2768.0
797,Y,Y,19.0,156857.0,R,1391.0
798,B,B,20.0,156857.0,Y,1439.0
799,G,G,21.0,156857.0,R,1263.0
800,Y,Y,22.0,156857.0,B,1799.0
801,B,B,23.0,156857.0,Y,2880.0
802,G,G,24.0,156857.0,R,1681.0
803,R,R,25.0,156857.0,Y,1664.0
804,G,B,26.0,156857.0,R,1527.0
805,R,R,27.0,156857.0,G,2912.0
806,Y,Y,28.0,156857.0,B,2032.0
807,R,R,29.0,156857.0,G,3623.0
808,Y,Y,30.0,156857.0,B,1207.0
809,G,G,31.0,156857.0,R,1920.0
810,R,R,32.0,156857.0,B,2248.0
811,G,G,33.0,156857.0,R,1167.0
812,R,R,34.0,156857.0,B,1408.0
813,G,G,35.0,156857.0,R,1272.0
814,B,B,36.0,156857.0,G,2824.0
815,G,G,37.0,156857.0,R,1696.0
816,R,R,38.0,156857.0,B,2080.0
817,B,B,39.0,156857.0,G,1672.0
818,Y,Y,40.0,156857.0,B,1152.0
819,R,R,41.0,156857.0,G,1632.0
820,Y,Y,42.0,156857.0,B,1223.0
821,B,B,43.0,156857.0,Y,1416.0
822,Y,Y,44.0,156857.0,G,1104.0
823,R,R,45.0,156857.0,B,1392.0
824,R,R,46.0,156857.0,R,1701.0
825,Y,Y,47.0,156857.0,Y,880.0
826,R,R,48.0,156857.0,R,808.0
827,B,B,49.0,156857.0,B,1296.0
828,R,R,50.0,156857.0,R,840.0
829,G,G,51.0,156857.0,G,1000.0
830,R,R,52.0,156857.0,R,696.0
831,Y,Y,53.0,156857.0,Y,848.0
832,R,R,54.0,156857.0,R,768.0
833,Y,Y,55.0,156857.0,Y,776.0
834,R,R,56.0,156857.0,R,1184.0
835,B,B,57.0,156857.0,B,1400.0
836,R,R,58.0,156857.0,R,800.0
837,B,B,59.0,156857.0,B,1088.0
838,R,R,60.0,156857.0,R,896.0
839,Y,Y,61.0,156857.0,Y,888.0
840,B,B,62.0,156857.0,B,1344.0
841,G,G,63.0,156857.0,G,1200.0
842,Y,Y,64.0,156857.0,Y,1160.0
843,G,G,65.0,156857.0,G,1312.0
844,B,B,66.0,156857.0,B,1264.0
845,R,R,67.0,156857.0,R,856.0
846,B,B,68.0,156857.0,B,1368.0
847,G,G,69.0,156857.0,G,960.0
848,Y,Y,70.0,156857.0,Y,832.0
849,G,G,71.0,156857.0,G,1008.0
850,B,B,72.0,156857.0,B,1352.0
851,Y,Y,73.0,156857.0,Y,1032.0
852,R,R,74.0,156857.0,R,856.0
853,G,G,75.0,156857.0,G,968.0
854,B,B,76.0,156857.0,B,1256.0
855,R,R,77.0,156857.0,R,1000.0
856,G,G,78.0,156857.0,G,1200.0
857,R,R,79.0,156857.0,R,776.0
858,B,B,80.0,156857.0,B,944.0
859,G,G,81.0,156857.0,G,872.0
860,B,B,82.0,156857.0,B,936.0
861,R,R,83.0,156857.0,R,760.0
862,G,G,84.0,156857.0,G,904.0
863,Y,Y,85.0,156857.0,Y,808.0
864,B,B,86.0,156857.0,B,1400.0
865,G,G,87.0,156857.0,G,768.0
866,R,R,88.0,156857.0,R,584.0
867,B,B,89.0,156857.0,B,1128.0
868,G,G,90.0,156857.0,G,984.0
869,G,G,2.0,156858.0,B,4000.0
870,Y,Y,3.0,156858.0,R,2920.0
871,R,R,4.0,156858.0,B,2184.0
872,B,B,5.0,156858.0,Y,2152.0
873,G,G,6.0,156858.0,B,5312.0
874,R,R,7.0,156858.0,Y,2432.0
875,B,B,8.0,156858.0,G,3200.0
876,R,R,9.0,156858.0,Y,5087.0
877,B,B,10.0,156858.0,G,1937.0
878,R,R,11.0,156858.0,B,1487.0
879,B,B,12.0,156858.0,Y,1263.0
880,G,G,13.0,156858.0,R,1215.0
881,B,B,14.0,156858.0,Y,2384.0
882,B,Y,15.0,156858.0,R,616.0
883,B,B,16.0,156858.0,G,1984.0
884,G,G,17.0,156858.0,Y,1368.0
885,R,R,18.0,156858.0,B,2768.0
886,Y,Y,19.0,156858.0,R,1391.0
887,B,B,20.0,156858.0,Y,1439.0
888,G,G,21.0,156858.0,R,1263.0
889,Y,Y,22.0,156858.0,B,1799.0
890,B,B,23.0,156858.0,Y,2880.0
891,G,G,24.0,156858.0,R,1681.0
892,R,R,25.0,156858.0,Y,1664.0
893,G,B,26.0,156858.0,R,1527.0
894,R,R,27.0,156858.0,G,2912.0
895,Y,Y,28.0,156858.0,B,2032.0
896,R,R,29.0,156858.0,G,3623.0
897,Y,Y,30.0,156858.0,B,1207.0
898,G,G,31.0,156858.0,R,1920.0
899,R,R,32.0,156858.0,B,2248.0
900,G,G,33.0,156858.0,R,1167.0
901,R,R,34.0,156858.0,B,1408.0
902,G,G,35.0,156858.0,R,1272.0
903,B,B,36.0,156858.0,G,2824.0
904,G,G,37.0,156858.0,R,1696.0
905,R,R,38.0,156858.0,B,2080.0
906,B,B,39.0,156858.0,G,1672.0
907,Y,Y,40.0,156858.0,B,1152.0
908,R,R,41.0,156858.0,G,1632.0
909,Y,Y,42.0,156858.0,B,1223.0
910,B,B,43.0,156858.0,Y,1416.0
911,Y,Y,44.0,156858.0,G,1104.0
912,R,R,45.0,156858.0,B,1392.0
913,R,R,46.0,156858.0,R,1701.0
914,Y,Y,47.0,156858.0,Y,880.0
915,R,R,48.0,156858.0,R,808.0
916,B,B,49.0,156858.0,B,1296.0
917,R,R,50.0,156858.0,R,840.0
918,G,G,51.0,156858.0,G,1000.0
919,R,R,52.0,156858.0,R,696.0
920,Y,Y,53.0,156858.0,Y,848.0
921,R,R,54.0,156858.0,R,768.0
922,Y,Y,55.0,156858.0,Y,776.0
923,R,R,56.0,156858.0,R,1184.0
924,B,B,57.0,156858.0,B,1400.0
925,R,R,58.0,156858.0,R,800.0
926,B,B,59.0,156858.0,B,1088.0
927,R,R,60.0,156858.0,R,896.0
928,Y,Y,61.0,156858.0,Y,888.0
929,B,B,62.0,156858.0,B,1344.0
930,G,G,63.0,156858.0,G,1200.0
931,Y,Y,64.0,156858.0,Y,1160.0
932,G,G,65.0,156858.0,G,1312.0
933,B,B,66.0,156858.0,B,1264.0
934,R,R,67.0,156858.0,R,856.0
935,B,B,68.0,156858.0,B,1368.0
936,G,G,69.0,156858.0,G,960.0
937,Y,Y,70.0,156858.0,Y,832.0
938,G,G,71.0,156858.0,G,1008.0
939,B,B,72.0,156858.0,B,1352.0
940,Y,Y,73.0,156858.0,Y,1032.0
941,R,R,74.0,156858.0,R,856.0
942,G,G,75.0,156858.0,G,968.0
943,B,B,76.0,156858.0,B,1256.0
944,R,R,77.0,156858.0,R,1000.0
945,G,G,78.0,156858.0,G,1200.0
946,R,R,79.0,156858.0,R,776.0
947,B,B,80.0,156858.0,B,944.0
948,G,G,81.0,156858.0,G,872.0
949,B,B,82.0,156858.0,B,936.0
950,R,R,83.0,156858.0,R,760.0
951,G,G,84.0,156858.0,G,904.0
952,Y,Y,85.0,156858.0,Y,808.0
953,B,B,86.0,156858.0,B,1400.0
954,G,G,87.0,156858.0,G,768.0
955,R,R,88.0,156858.0,R,584.0
956,B,B,89.0,156858.0,B,1128.0
957,G,G,90.0,156858.0,G,984.0
958,G,G,2.0,156859.0,B,4000.0
959,Y,Y,3.0,156859.0,R,2920.0
960,R,R,4.0,156859.0,B,2184.0
961,B,B,5.0,156859.0,Y,2152.0
962,G,G,6.0,156859.0,B,5312.0
963,R,R,7.0,156859.0,Y,2432.0
964,B,B,8.0,156859.0,G,3200.0
965,R,R,9.0,156859.0,Y,5087.0
966,B,B,10.0,156859.0,G,1937.0
967,R,R,11.0,156859.0,B,1487.0
968,B,B,12.0,156859.0,Y,1263.0
969,G,G,13.0,156859.0,R,1215.0
970,B,B,14.0,156859.0,Y,2384.0
971,B,Y,15.0,156859.0,R,616.0
972,B,B,16.0,156859.0,G,1984.0
973,G,G,17.0,156859.0,Y,1368.0
974,R,R,18.0,156859.0,B,2768.0
975,Y,Y,19.0,156859.0,R,1391.0
976,B,B,20.0,156859.0,Y,1439.0
977,G,G,21.0,156859.0,R,1263.0
978,Y,Y,22.0,156859.0,B,1799.0
979,B,B,23.0,156859.0,Y,2880.0
980,G,G,24.0,156859.0,R,1681.0
981,R,R,25.0,156859.0,Y,1664.0
982,G,B,26.0,156859.0,R,1527.0
983,R,R,27.0,156859.0,G,2912.0
984,Y,Y,28.0,156859.0,B,2032.0
985,R,R,29.0,156859.0,G,3623.0
986,Y,Y,30.0,156859.0,B,1207.0
987,G,G,31.0,156859.0,R,1920.0
988,R,R,32.0,156859.0,B,2248.0
989,G,G,33.0,156859.0,R,1167.0
990,R,R,34.0,156859.0,B,1408.0
991,G,G,35.0,156859.0,R,1272.0
992,B,B,36.0,156859.0,G,2824.0
993,G,G,37.0,156859.0,R,1696.0
994,R,R,38.0,156859.0,B,2080.0
995,B,B,39.0,156859.0,G,1672.0
996,Y,Y,40.0,156859.0,B,1152.0
997,R,R,41.0,156859.0,G,1632.0
998,Y,Y,42.0,156859.0,B,1223.0
999,B,B,43.0,156859.0,Y,1416.0
1000,Y,Y,44.0,156859.0,G,1104.0
1001,R,R,45.0,156859.0,B,1392.0
1002,R,R,46.0,156859.0,R,1701.0
1003,Y,Y,47.0,156859.0,Y,880.0
1004,R,R,48.0,156859.0,R,808.0
1005,B,B,49.0,156859.0,B,1296.0
1006,R,R,50.0,156859.0,R,840.0
1007,G,G,51.0,156859.0,G,1000.0
1008,R,R,52.0,156859.0,R,696.0
1009,Y,Y,53.0,156859.0,Y,848.0
1010,R,R,54.0,156859.0,R,768.0
1011,Y,Y,55.0,156859.0,Y,776.0
1012,R,R,56.0,156859.0,R,1184.0
1013,B,B,57.0,156859.0,B,1400.0
1014,R,R,58.0,156859.0,R,800.0
1015,B,B,59.0,156859.0,B,1088.0
1016,R,R,60.0,156859.0,R,896.0
1017,Y,Y,61.0,156859.0,Y,888.0
1018,B,B,62.0,156859.0,B,1344.0
1019,G,G,63.0,156859.0,G,1200.0
1020,Y,Y,64.0,156859.0,Y,1160.0
1021,G,G,65.0,156859.0,G,1312.0
1022,B,B,66.0,156859.0,B,1264.0
1023,R,R,67.0,156859.0,R,856.0
1024,B,B,68.0,156859.0,B,1368.0
1025,G,G,69.0,156859.0,G,960.0
1026,Y,Y,70.0,156859.0,Y,832.0
1027,G,G,71.0,156859.0,G,1008.0
1028,B,B,72.0,156859.0,B,1352.0
1029,Y,Y,73.0,156859.0,Y,1032.0
1030,R,R,74.0,156859.0,R,856.0
1031,G,G,75.0,156859.0,G,968.0
1032,B,B,76.0,156859.0,B,1256.0
1033,R,R,77.0,156859.0,R,1000.0
1034,G,G,78.0,156859.0,G,1200.0
1035,R,R,79.0,156859.0,R,776.0
1036,B,B,80.0,156859.0,B,944.0
1037,G,G,81.0,156859.0,G,872.0
1038,B,B,82.0,156859.0,B,936.0
1039,R,R,83.0,156859.0,R,760.0
1040,G,G,84.0,156859.0,G,904.0
1041,Y,Y,85.0,156859.0,Y,808.0
1042,B,B,86.0,156859.0,B,1400.0
1043,G,G,87.0,156859.0,G,768.0
1044,R,R,88.0,156859.0,R,584.0
1045,B,B,89.0,156859.0,B,1128.0
1046,G,G,90.0,156859.0,G,984.0
1047,G,Y,1.0,156860.0,G,2949.0
1048,G,G,2.0,156860.0,B,5024.0
1049,B,B,3.0,156860.0,Y,2576.0
1050,G,G,4.0,156860.0,R,1664.0
1051,B,B,5.0,156860.0,Y,3216.0
1052,Y,Y,6.0,156860.0,G,3624.0
1053,R,R,7.0,156860.0,Y,2680.0
1054,Y,Y,8.0,156860.0,R,4424.0
1055,B,B,9.0,156860.0,Y,4696.0
1056,Y,Y,10.0,156860.0,R,3335.0
1057,R,R,11.0,156860.0,G,3176.0
1058,Y,Y,12.0,156860.0,B,2280.0
1059,G,G,13.0,156860.0,Y,2216.0
1060,R,R,14.0,156860.0,G,2480.0
1061,G,G,15.0,156860.0,B,1592.0
1062,Y,Y,16.0,156860.0,R,1800.0
1063,G,G,17.0,156860.0,B,2184.0
1064,B,B,18.0,156860.0,Y,3872.0
1065,B,B,21.0,156860.0,G,2608.0
1066,R,R,22.0,156860.0,Y,2024.0
1067,Y,Y,23.0,156860.0,R,2064.0
1068,B,B,24.0,156860.0,G,2040.0
1069,Y,Y,25.0,156860.0,R,2184.0
1070,R,R,26.0,156860.0,G,2504.0
1071,B,B,27.0,156860.0,Y,1264.0
1072,Y,Y,28.0,156860.0,G,1632.0
1073,G,G,29.0,156860.0,Y,1904.0
1074,B,B,30.0,156860.0,G,1344.0
1075,G,G,31.0,156860.0,R,2616.0
1076,R,R,32.0,156860.0,B,2096.0
1077,Y,Y,33.0,156860.0,G,2384.0
1078,G,G,34.0,156860.0,R,1608.0
1079,R,R,35.0,156860.0,B,1720.0
1080,Y,Y,36.0,156860.0,R,2464.0
1081,B,B,37.0,156860.0,G,1712.0
1082,R,R,38.0,156860.0,Y,1872.0
1083,Y,Y,39.0,156860.0,B,2064.0
1084,B,B,40.0,156860.0,R,1927.0
1085,R,R,41.0,156860.0,G,2304.0
1086,G,G,42.0,156860.0,Y,1616.0
1087,R,R,43.0,156860.0,B,1936.0
1088,B,B,44.0,156860.0,R,1848.0
1089,G,G,45.0,156860.0,B,1888.0
1090,R,R,46.0,156860.0,R,1908.0
1091,G,G,47.0,156860.0,G,1320.0
1092,Y,Y,48.0,156860.0,Y,1335.0
1093,G,G,49.0,156860.0,G,1231.0
1094,Y,Y,50.0,156860.0,Y,1271.0
1095,G,G,51.0,156860.0,G,1127.0
1096,R,R,52.0,156860.0,R,1807.0
1097,Y,Y,53.0,156860.0,Y,1623.0
1098,G,G,54.0,156860.0,G,1367.0
1099,G,R,55.0,156860.0,R,1896.0
1100,G,G,56.0,156860.0,G,1624.0
1101,Y,Y,57.0,156860.0,Y,2976.0
1102,R,R,58.0,156860.0,R,2256.0
1103,B,B,59.0,156860.0,B,1831.0
1104,Y,Y,60.0,156860.0,Y,2184.0
1105,R,R,61.0,156860.0,R,1288.0
1106,Y,Y,62.0,156860.0,Y,1503.0
1107,R,R,63.0,156860.0,R,1295.0
1108,G,G,64.0,156860.0,G,1312.0
1109,R,R,65.0,156860.0,R,1120.0
1110,Y,Y,66.0,156860.0,Y,1367.0
1111,G,G,67.0,156860.0,G,2207.0
1112,R,R,68.0,156860.0,R,1088.0
1113,B,B,69.0,156860.0,B,1568.0
1114,G,G,70.0,156860.0,G,1063.0
1115,R,R,71.0,156860.0,R,1440.0
1116,G,G,72.0,156860.0,G,1287.0
1117,B,B,73.0,156860.0,B,1959.0
1118,R,R,74.0,156860.0,R,1776.0
1119,G,G,75.0,156860.0,G,1751.0
1120,R,R,76.0,156860.0,R,2319.0
1121,Y,Y,77.0,156860.0,Y,1800.0
1122,G,G,78.0,156860.0,G,1983.0
1123,Y,Y,79.0,156860.0,Y,2112.0
1124,G,G,80.0,156860.0,G,2072.0
1125,Y,Y,81.0,156860.0,Y,2231.0
1126,G,G,82.0,156860.0,G,1791.0
1127,Y,Y,83.0,156860.0,Y,1287.0
1128,R,R,84.0,156860.0,R,1800.0
1129,B,B,85.0,156860.0,B,1255.0
1130,G,G,86.0,156860.0,G,1591.0
1131,R,R,87.0,156860.0,R,3303.0
1132,Y,Y,88.0,156860.0,Y,2512.0
1133,G,G,89.0,156860.0,G,1848.0
1134,B,B,90.0,156860.0,B,2048.0
1135,G,Y,1.0,156861.0,G,2949.0
1136,G,G,2.0,156861.0,B,5024.0
1137,B,B,3.0,156861.0,Y,2576.0
1138,G,G,4.0,156861.0,R,1664.0
1139,B,B,5.0,156861.0,Y,3216.0
1140,Y,Y,6.0,156861.0,G,3624.0
1141,R,R,7.0,156861.0,Y,2680.0
1142,Y,Y,8.0,156861.0,R,4424.0
1143,B,B,9.0,156861.0,Y,4696.0
1144,Y,Y,10.0,156861.0,R,3335.0
1145,R,R,11.0,156861.0,G,3176.0
1146,Y,Y,12.0,156861.0,B,2280.0
1147,G,G,13.0,156861.0,Y,2216.0
1148,R,R,14.0,156861.0,G,2480.0
1149,G,G,15.0,156861.0,B,1592.0
1150,Y,Y,16.0,156861.0,R,1800.0
1151,G,G,17.0,156861.0,B,2184.0
1152,B,B,18.0,156861.0,Y,3872.0
1153,B,B,21.0,156861.0,G,2608.0
1154,R,R,22.0,156861.0,Y,2024.0
1155,Y,Y,23.0,156861.0,R,2064.0
1156,B,B,24.0,156861.0,G,2040.0
1157,Y,Y,25.0,156861.0,R,2184.0
1158,R,R,26.0,156861.0,G,2504.0
1159,B,B,27.0,156861.0,Y,1264.0
1160,Y,Y,28.0,156861.0,G,1632.0
1161,G,G,29.0,156861.0,Y,1904.0
1162,B,B,30.0,156861.0,G,1344.0
1163,G,G,31.0,156861.0,R,2616.0
1164,R,R,32.0,156861.0,B,2096.0
1165,Y,Y,33.0,156861.0,G,2384.0
1166,G,G,34.0,156861.0,R,1608.0
1167,R,R,35.0,156861.0,B,1720.0
1168,Y,Y,36.0,156861.0,R,2464.0
1169,B,B,37.0,156861.0,G,1712.0
1170,R,R,38.0,156861.0,Y,1872.0
1171,Y,Y,39.0,156861.0,B,2064.0
1172,B,B,40.0,156861.0,R,1927.0
1173,R,R,41.0,156861.0,G,2304.0
1174,G,G,42.0,156861.0,Y,1616.0
1175,R,R,43.0,156861.0,B,1936.0
1176,B,B,44.0,156861.0,R,1848.0
1177,G,G,45.0,156861.0,B,1888.0
1178,R,R,46.0,156861.0,R,1908.0
1179,G,G,47.0,156861.0,G,1320.0
1180,Y,Y,48.0,156861.0,Y,1335.0
1181,G,G,49.0,156861.0,G,1231.0
1182,Y,Y,50.0,156861.0,Y,1271.0
1183,G,G,51.0,156861.0,G,1127.0
1184,R,R,52.0,156861.0,R,1807.0
1185,Y,Y,53.0,156861.0,Y,1623.0
1186,G,G,54.0,156861.0,G,1367.0
1187,G,R,55.0,156861.0,R,1896.0
1188,G,G,56.0,156861.0,G,1624.0
1189,Y,Y,57.0,156861.0,Y,2976.0
1190,R,R,58.0,156861.0,R,2256.0
1191,B,B,59.0,156861.0,B,1831.0
1192,Y,Y,60.0,156861.0,Y,2184.0
1193,R,R,61.0,156861.0,R,1288.0
1194,Y,Y,62.0,156861.0,Y,1503.0
1195,R,R,63.0,156861.0,R,1295.0
1196,G,G,64.0,156861.0,G,1312.0
1197,R,R,65.0,156861.0,R,1120.0
1198,Y,Y,66.0,156861.0,Y,1367.0
1199,G,G,67.0,156861.0,G,2207.0
1200,R,R,68.0,156861.0,R,1088.0
1201,B,B,69.0,156861.0,B,1568.0
1202,G,G,70.0,156861.0,G,1063.0
1203,R,R,71.0,156861.0,R,1440.0
1204,G,G,72.0,156861.0,G,1287.0
1205,B,B,73.0,156861.0,B,1959.0
1206,R,R,74.0,156861.0,R,1776.0
1207,G,G,75.0,156861.0,G,1751.0
1208,R,R,76.0,156861.0,R,2319.0
1209,Y,Y,77.0,156861.0,Y,1800.0
1210,G,G,78.0,156861.0,G,1983.0
1211,Y,Y,79.0,156861.0,Y,2112.0
1212,G,G,80.0,156861.0,G,2072.0
1213,Y,Y,81.0,156861.0,Y,2231.0
1214,G,G,82.0,156861.0,G,1791.0
1215,Y,Y,83.0,156861.0,Y,1287.0
1216,R,R,84.0,156861.0,R,1800.0
1217,B,B,85.0,156861.0,B,1255.0
1218,G,G,86.0,156861.0,G,1591.0
1219,R,R,87.0,156861.0,R,3303.0
1220,Y,Y,88.0,156861.0,Y,2512.0
1221,G,G,89.0,156861.0,G,1848.0
1222,B,B,90.0,156861.0,B,2048.0
1223,G,G,2.0,156862.0,B,4000.0
1224,Y,Y,3.0,156862.0,R,2920.0
1225,R,R,4.0,156862.0,B,2184.0
1226,B,B,5.0,156862.0,Y,2152.0
1227,G,G,6.0,156862.0,B,5312.0
1228,R,R,7.0,156862.0,Y,2432.0
1229,B,B,8.0,156862.0,G,3200.0
1230,R,R,9.0,156862.0,Y,5087.0
1231,B,B,10.0,156862.0,G,1937.0
1232,R,R,11.0,156862.0,B,1487.0
1233,B,B,12.0,156862.0,Y,1263.0
1234,G,G,13.0,156862.0,R,1215.0
1235,B,B,14.0,156862.0,Y,2384.0
1236,B,Y,15.0,156862.0,R,616.0
1237,B,B,16.0,156862.0,G,1984.0
1238,G,G,17.0,156862.0,Y,1368.0
1239,R,R,18.0,156862.0,B,2768.0
1240,Y,Y,19.0,156862.0,R,1391.0
1241,B,B,20.0,156862.0,Y,1439.0
1242,G,G,21.0,156862.0,R,1263.0
1243,Y,Y,22.0,156862.0,B,1799.0
1244,B,B,23.0,156862.0,Y,2880.0
1245,G,G,24.0,156862.0,R,1681.0
1246,R,R,25.0,156862.0,Y,1664.0
1247,G,B,26.0,156862.0,R,1527.0
1248,R,R,27.0,156862.0,G,2912.0
1249,Y,Y,28.0,156862.0,B,2032.0
1250,R,R,29.0,156862.0,G,3623.0
1251,Y,Y,30.0,156862.0,B,1207.0
1252,G,G,31.0,156862.0,R,1920.0
1253,R,R,32.0,156862.0,B,2248.0
1254,G,G,33.0,156862.0,R,1167.0
1255,R,R,34.0,156862.0,B,1408.0
1256,G,G,35.0,156862.0,R,1272.0
1257,B,B,36.0,156862.0,G,2824.0
1258,G,G,37.0,156862.0,R,1696.0
1259,R,R,38.0,156862.0,B,2080.0
1260,B,B,39.0,156862.0,G,1672.0
1261,Y,Y,40.0,156862.0,B,1152.0
1262,R,R,41.0,156862.0,G,1632.0
1263,Y,Y,42.0,156862.0,B,1223.0
1264,B,B,43.0,156862.0,Y,1416.0
1265,Y,Y,44.0,156862.0,G,1104.0
1266,R,R,45.0,156862.0,B,1392.0
1267,R,R,46.0,156862.0,R,1701.0
1268,Y,Y,47.0,156862.0,Y,880.0
1269,R,R,48.0,156862.0,R,808.0
1270,B,B,49.0,156862.0,B,1296.0
1271,R,R,50.0,156862.0,R,840.0
1272,G,G,51.0,156862.0,G,1000.0
1273,R,R,52.0,156862.0,R,696.0
1274,Y,Y,53.0,156862.0,Y,848.0
1275,R,R,54.0,156862.0,R,768.0
1276,Y,Y,55.0,156862.0,Y,776.0
1277,R,R,56.0,156862.0,R,1184.0
1278,B,B,57.0,156862.0,B,1400.0
1279,R,R,58.0,156862.0,R,800.0
1280,B,B,59.0,156862.0,B,1088.0
1281,R,R,60.0,156862.0,R,896.0
1282,Y,Y,61.0,156862.0,Y,888.0
1283,B,B,62.0,156862.0,B,1344.0
1284,G,G,63.0,156862.0,G,1200.0
1285,Y,Y,64.0,156862.0,Y,1160.0
1286,G,G,65.0,156862.0,G,1312.0
1287,B,B,66.0,156862.0,B,1264.0
1288,R,R,67.0,156862.0,R,856.0
1289,B,B,68.0,156862.0,B,1368.0
1290,G,G,69.0,156862.0,G,960.0
1291,Y,Y,70.0,156862.0,Y,832.0
1292,G,G,71.0,156862.0,G,1008.0
1293,B,B,72.0,156862.0,B,1352.0
1294,Y,Y,73.0,156862.0,Y,1032.0
1295,R,R,74.0,156862.0,R,856.0
1296,G,G,75.0,156862.0,G,968.0
1297,B,B,76.0,156862.0,B,1256.0
1298,R,R,77.0,156862.0,R,1000.0
1299,G,G,78.0,156862.0,G,1200.0
1300,R,R,79.0,156862.0,R,776.0
1301,B,B,80.0,156862.0,B,944.0
1302,G,G,81.0,156862.0,G,872.0
1303,B,B,82.0,156862.0,B,936.0
1304,R,R,83.0,156862.0,R,760.0
1305,G,G,84.0,156862.0,G,904.0
1306,Y,Y,85.0,156862.0,Y,808.0
1307,B,B,86.0,156862.0,B,1400.0
1308,G,G,87.0,156862.0,G,768.0
1309,R,R,88.0,156862.0,R,584.0
1310,B,B,89.0,156862.0,B,1128.0
1311,G,G,90.0,156862.0,G,984.0
1312,G,Y,1.0,156863.0,G,2949.0
1313,G,G,2.0,156863.0,B,5024.0
1314,B,B,3.0,156863.0,Y,2576.0
1315,G,G,4.0,156863.0,R,1664.0
1316,B,B,5.0,156863.0,Y,3216.0
1317,Y,Y,6.0,156863.0,G,3624.0
1318,R,R,7.0,156863.0,Y,2680.0
1319,Y,Y,8.0,156863.0,R,4424.0
1320,B,B,9.0,156863.0,Y,4696.0
1321,Y,Y,10.0,156863.0,R,3335.0
1322,R,R,11.0,156863.0,G,3176.0
1323,Y,Y,12.0,156863.0,B,2280.0
1324,G,G,13.0,156863.0,Y,2216.0
1325,R,R,14.0,156863.0,G,2480.0
1326,G,G,15.0,156863.0,B,1592.0
1327,Y,Y,16.0,156863.0,R,1800.0
1328,G,G,17.0,156863.0,B,2184.0
1329,B,B,18.0,156863.0,Y,3872.0
1330,B,B,21.0,156863.0,G,2608.0
1331,R,R,22.0,156863.0,Y,2024.0
1332,Y,Y,23.0,156863.0,R,2064.0
1333,B,B,24.0,156863.0,G,2040.0
1334,Y,Y,25.0,156863.0,R,2184.0
1335,R,R,26.0,156863.0,G,2504.0
1336,B,B,27.0,156863.0,Y,1264.0
1337,Y,Y,28.0,156863.0,G,1632.0
1338,G,G,29.0,156863.0,Y,1904.0
1339,B,B,30.0,156863.0,G,1344.0
1340,G,G,31.0,156863.0,R,2616.0
1341,R,R,32.0,156863.0,B,2096.0
1342,Y,Y,33.0,156863.0,G,2384.0
1343,G,G,34.0,156863.0,R,1608.0
1344,R,R,35.0,156863.0,B,1720.0
1345,Y,Y,36.0,156863.0,R,2464.0
1346,B,B,37.0,156863.0,G,1712.0
1347,R,R,38.0,156863.0,Y,1872.0
1348,Y,Y,39.0,156863.0,B,2064.0
1349,B,B,40.0,156863.0,R,1927.0
1350,R,R,41.0,156863.0,G,2304.0
1351,G,G,42.0,156863.0,Y,1616.0
1352,R,R,43.0,156863.0,B,1936.0
1353,B,B,44.0,156863.0,R,1848.0
1354,G,G,45.0,156863.0,B,1888.0
1355,R,R,46.0,156863.0,R,1908.0
1356,G,G,47.0,156863.0,G,1320.0
1357,Y,Y,48.0,156863.0,Y,1335.0
1358,G,G,49.0,156863.0,G,1231.0
1359,Y,Y,50.0,156863.0,Y,1271.0
1360,G,G,51.0,156863.0,G,1127.0
1361,R,R,52.0,156863.0,R,1807.0
1362,Y,Y,53.0,156863.0,Y,1623.0
1363,G,G,54.0,156863.0,G,1367.0
1364,G,R,55.0,156863.0,R,1896.0
1365,G,G,56.0,156863.0,G,1624.0
1366,Y,Y,57.0,156863.0,Y,2976.0
1367,R,R,58.0,156863.0,R,2256.0
1368,B,B,59.0,156863.0,B,1831.0
1369,Y,Y,60.0,156863.0,Y,2184.0
1370,R,R,61.0,156863.0,R,1288.0
1371,Y,Y,62.0,156863.0,Y,1503.0
1372,R,R,63.0,156863.0,R,1295.0
1373,G,G,64.0,156863.0,G,1312.0
1374,R,R,65.0,156863.0,R,1120.0
1375,Y,Y,66.0,156863.0,Y,1367.0
1376,G,G,67.0,156863.0,G,2207.0
1377,R,R,68.0,156863.0,R,1088.0
1378,B,B,69.0,156863.0,B,1568.0
1379,G,G,70.0,156863.0,G,1063.0
1380,R,R,71.0,156863.0,R,1440.0
1381,G,G,72.0,156863.0,G,1287.0
1382,B,B,73.0,156863.0,B,1959.0
1383,R,R,74.0,156863.0,R,1776.0
1384,G,G,75.0,156863.0,G,1751.0
1385,R,R,76.0,156863.0,R,2319.0
1386,Y,Y,77.0,156863.0,Y,1800.0
1387,G,G,78.0,156863.0,G,1983.0
1388,Y,Y,79.0,156863.0,Y,2112.0
1389,G,G,80.0,156863.0,G,2072.0
1390,Y,Y,81.0,156863.0,Y,2231.0
1391,G,G,82.0,156863.0,G,1791.0
1392,Y,Y,83.0,156863.0,Y,1287.0
1393,R,R,84.0,156863.0,R,1800.0
1394,B,B,85.0,156863.0,B,1255.0
1395,G,G,86.0,156863.0,G,1591.0
1396,R,R,87.0,156863.0,R,3303.0
1397,Y,Y,88.0,156863.0,Y,2512.0
1398,G,G,89.0,156863.0,G,1848.0
1399,B,B,90.0,156863.0,B,2048.0
1400,G,G,1.0,156864.0,Y,3844.0
1401,R,R,2.0,156864.0,B,3992.0
1402,G,G,3.0,156864.0,R,1616.0
1403,B,B,4.0,156864.0,Y,1408.0
1404,R,G,5.0,156864.0,R,2304.0
1405,R,R,6.0,156864.0,B,2496.0
1406,Y,Y,7.0,156864.0,R,2624.0
1407,G,G,8.0,156864.0,B,2464.0
1408,Y,B,9.0,156864.0,Y,3200.0
1409,B,B,11.0,156864.0,Y,1816.0
1410,R,R,12.0,156864.0,B,2224.0
1411,G,Y,13.0,156864.0,G,1968.0
1412,B,B,14.0,156864.0,Y,2976.0
1413,R,R,15.0,156864.0,B,2320.0
1414,G,G,16.0,156864.0,Y,2120.0
1415,Y,Y,17.0,156864.0,B,2632.0
1416,R,R,18.0,156864.0,G,2592.0
1417,G,G,19.0,156864.0,R,1943.0
1418,Y,Y,20.0,156864.0,G,1935.0
1419,R,R,21.0,156864.0,B,2472.0
1420,B,B,22.0,156864.0,R,1832.0
1421,R,R,23.0,156864.0,B,1695.0
1422,B,B,24.0,156864.0,Y,3319.0
1423,Y,Y,25.0,156864.0,G,3839.0
1424,R,R,26.0,156864.0,B,2087.0
1425,B,B,27.0,156864.0,G,2200.0
1426,G,G,28.0,156864.0,Y,1615.0
1427,Y,Y,29.0,156864.0,B,2031.0
1428,B,B,30.0,156864.0,G,1599.0
1429,G,G,31.0,156864.0,R,1329.0
1430,B,B,32.0,156864.0,Y,1295.0
1431,R,R,33.0,156864.0,G,1240.0
1432,Y,Y,34.0,156864.0,R,1943.0
1433,G,G,35.0,156864.0,Y,2944.0
1434,R,R,36.0,156864.0,B,1952.0
1435,G,G,37.0,156864.0,R,2984.0
1436,R,R,38.0,156864.0,B,1631.0
1437,G,G,39.0,156864.0,Y,2640.0
1438,Y,Y,40.0,156864.0,G,2240.0
1439,G,G,41.0,156864.0,Y,1848.0
1440,B,B,42.0,156864.0,R,2464.0
1441,G,G,43.0,156864.0,Y,4208.0
1442,R,R,44.0,156864.0,G,1624.0
1443,G,G,45.0,156864.0,R,1792.0
1444,Y,Y,46.0,156864.0,Y,2149.0
1445,G,G,47.0,156864.0,G,1712.0
1446,B,B,48.0,156864.0,B,1583.0
1447,Y,Y,49.0,156864.0,Y,1505.0
1448,B,B,50.0,156864.0,B,1415.0
1449,R,R,51.0,156864.0,R,1128.0
1450,G,G,52.0,156864.0,G,1048.0
1451,B,B,53.0,156864.0,B,1232.0
1452,G,G,54.0,156864.0,G,1175.0
1453,Y,Y,55.0,156864.0,Y,1089.0
1454,R,R,56.0,156864.0,R,1000.0
1455,Y,Y,57.0,156864.0,Y,959.0
1456,G,G,58.0,156864.0,G,1096.0
1457,R,R,59.0,156864.0,R,984.0
1458,G,G,60.0,156864.0,G,983.0
1459,Y,Y,61.0,156864.0,Y,1232.0
1460,B,B,62.0,156864.0,B,1368.0
1461,Y,Y,63.0,156864.0,Y,1704.0
1462,B,B,64.0,156864.0,B,968.0
1463,G,G,65.0,156864.0,G,1056.0
1464,Y,Y,66.0,156864.0,Y,960.0
1465,B,B,67.0,156864.0,B,1072.0
1466,Y,Y,68.0,156864.0,Y,984.0
1467,B,B,69.0,156864.0,B,1584.0
1468,G,G,70.0,156864.0,G,536.0
1469,B,B,71.0,156864.0,B,1184.0
1470,R,R,72.0,156864.0,R,576.0
1471,B,B,73.0,156864.0,B,848.0
1472,G,G,74.0,156864.0,G,1168.0
1473,R,R,75.0,156864.0,R,872.0
1474,Y,Y,76.0,156864.0,Y,928.0
1475,B,B,77.0,156864.0,B,1208.0
1476,Y,Y,78.0,156864.0,Y,992.0
1477,B,B,79.0,156864.0,B,1280.0
1478,Y,Y,80.0,156864.0,Y,1160.0
1479,B,B,81.0,156864.0,B,1039.0
1480,G,G,82.0,156864.0,G,976.0
1481,B,B,83.0,156864.0,B,1256.0
1482,G,G,84.0,156864.0,G,728.0
1483,Y,Y,85.0,156864.0,Y,1008.0
1484,R,R,86.0,156864.0,R,440.0
1485,Y,Y,87.0,156864.0,Y,960.0
1486,R,R,88.0,156864.0,R,807.0
1487,G,G,89.0,156864.0,G,1120.0
1488,Y,Y,90.0,156864.0,Y,1008.0
1489,G,G,1.0,156865.0,Y,3844.0
1490,R,R,2.0,156865.0,B,3992.0
1491,G,G,3.0,156865.0,R,1616.0
1492,B,B,4.0,156865.0,Y,1408.0
1493,R,G,5.0,156865.0,R,2304.0
1494,R,R,6.0,156865.0,B,2496.0
1495,Y,Y,7.0,156865.0,R,2624.0
1496,G,G,8.0,156865.0,B,2464.0
1497,Y,B,9.0,156865.0,Y,3200.0
1498,B,B,11.0,156865.0,Y,1816.0
1499,R,R,12.0,156865.0,B,2224.0
1500,G,Y,13.0,156865.0,G,1968.0
1501,B,B,14.0,156865.0,Y,2976.0
1502,R,R,15.0,156865.0,B,2320.0
1503,G,G,16.0,156865.0,Y,2120.0
1504,Y,Y,17.0,156865.0,B,2632.0
1505,R,R,18.0,156865.0,G,2592.0
1506,G,G,19.0,156865.0,R,1943.0
1507,Y,Y,20.0,156865.0,G,1935.0
1508,R,R,21.0,156865.0,B,2472.0
1509,B,B,22.0,156865.0,R,1832.0
1510,R,R,23.0,156865.0,B,1695.0
1511,B,B,24.0,156865.0,Y,3319.0
1512,Y,Y,25.0,156865.0,G,3839.0
1513,R,R,26.0,156865.0,B,2087.0
1514,B,B,27.0,156865.0,G,2200.0
1515,G,G,28.0,156865.0,Y,1615.0
1516,Y,Y,29.0,156865.0,B,2031.0
1517,B,B,30.0,156865.0,G,1599.0
1518,G,G,31.0,156865.0,R,1329.0
1519,B,B,32.0,156865.0,Y,1295.0
1520,R,R,33.0,156865.0,G,1240.0
1521,Y,Y,34.0,156865.0,R,1943.0
1522,G,G,35.0,156865.0,Y,2944.0
1523,R,R,36.0,156865.0,B,1952.0
1524,G,G,37.0,156865.0,R,2984.0
1525,R,R,38.0,156865.0,B,1631.0
1526,G,G,39.0,156865.0,Y,2640.0
1527,Y,Y,40.0,156865.0,G,2240.0
1528,G,G,41.0,156865.0,Y,1848.0
1529,B,B,42.0,156865.0,R,2464.0
1530,G,G,43.0,156865.0,Y,4208.0
1531,R,R,44.0,156865.0,G,1624.0
1532,G,G,45.0,156865.0,R,1792.0
1533,Y,Y,46.0,156865.0,Y,2149.0
1534,G,G,47.0,156865.0,G,1712.0
1535,B,B,48.0,156865.0,B,1583.0
1536,Y,Y,49.0,156865.0,Y,1505.0
1537,B,B,50.0,156865.0,B,1415.0
1538,R,R,51.0,156865.0,R,1128.0
1539,G,G,52.0,156865.0,G,1048.0
1540,B,B,53.0,156865.0,B,1232.0
1541,G,G,54.0,156865.0,G,1175.0
1542,Y,Y,55.0,156865.0,Y,1089.0
1543,R,R,56.0,156865.0,R,1000.0
1544,Y,Y,57.0,156865.0,Y,959.0
1545,G,G,58.0,156865.0,G,1096.0
1546,R,R,59.0,156865.0,R,984.0
1547,G,G,60.0,156865.0,G,983.0
1548,Y,Y,61.0,156865.0,Y,1232.0
1549,B,B,62.0,156865.0,B,1368.0
1550,Y,Y,63.0,156865.0,Y,1704.0
1551,B,B,64.0,156865.0,B,968.0
1552,G,G,65.0,156865.0,G,1056.0
1553,Y,Y,66.0,156865.0,Y,960.0
1554,B,B,67.0,156865.0,B,1072.0
1555,Y,Y,68.0,156865.0,Y,984.0
1556,B,B,69.0,156865.0,B,1584.0
1557,G,G,70.0,156865.0,G,536.0
1558,B,B,71.0,156865.0,B,1184.0
1559,R,R,72.0,156865.0,R,576.0
1560,B,B,73.0,156865.0,B,848.0
1561,G,G,74.0,156865.0,G,1168.0
1562,R,R,75.0,156865.0,R,872.0
1563,Y,Y,76.0,156865.0,Y,928.0
1564,B,B,77.0,156865.0,B,1208.0
1565,Y,Y,78.0,156865.0,Y,992.0
1566,B,B,79.0,156865.0,B,1280.0
1567,Y,Y,80.0,156865.0,Y,1160.0
1568,B,B,81.0,156865.0,B,1039.0
1569,G,G,82.0,156865.0,G,976.0
1570,B,B,83.0,156865.0,B,1256.0
1571,G,G,84.0,156865.0,G,728.0
1572,Y,Y,85.0,156865.0,Y,1008.0
1573,R,R,86.0,156865.0,R,440.0
1574,Y,Y,87.0,156865.0,Y,960.0
1575,R,R,88.0,156865.0,R,807.0
1576,G,G,89.0,156865.0,G,1120.0
1577,Y,Y,90.0,156865.0,Y,1008.0
1578,G,G,1.0,156866.0,Y,3844.0
1579,R,R,2.0,156866.0,B,3992.0
1580,G,G,3.0,156866.0,R,1616.0
1581,B,B,4.0,156866.0,Y,1408.0
1582,R,G,5.0,156866.0,R,2304.0
1583,R,R,6.0,156866.0,B,2496.0
1584,Y,Y,7.0,156866.0,R,2624.0
1585,G,G,8.0,156866.0,B,2464.0
1586,Y,B,9.0,156866.0,Y,3200.0
1587,B,B,11.0,156866.0,Y,1816.0
1588,R,R,12.0,156866.0,B,2224.0
1589,G,Y,13.0,156866.0,G,1968.0
1590,B,B,14.0,156866.0,Y,2976.0
1591,R,R,15.0,156866.0,B,2320.0
1592,G,G,16.0,156866.0,Y,2120.0
1593,Y,Y,17.0,156866.0,B,2632.0
1594,R,R,18.0,156866.0,G,2592.0
1595,G,G,19.0,156866.0,R,1943.0
1596,Y,Y,20.0,156866.0,G,1935.0
1597,R,R,21.0,156866.0,B,2472.0
1598,B,B,22.0,156866.0,R,1832.0
1599,R,R,23.0,156866.0,B,1695.0
1600,B,B,24.0,156866.0,Y,3319.0
1601,Y,Y,25.0,156866.0,G,3839.0
1602,R,R,26.0,156866.0,B,2087.0
1603,B,B,27.0,156866.0,G,2200.0
1604,G,G,28.0,156866.0,Y,1615.0
1605,Y,Y,29.0,156866.0,B,2031.0
1606,B,B,30.0,156866.0,G,1599.0
1607,G,G,31.0,156866.0,R,1329.0
1608,B,B,32.0,156866.0,Y,1295.0
1609,R,R,33.0,156866.0,G,1240.0
1610,Y,Y,34.0,156866.0,R,1943.0
1611,G,G,35.0,156866.0,Y,2944.0
1612,R,R,36.0,156866.0,B,1952.0
1613,G,G,37.0,156866.0,R,2984.0
1614,R,R,38.0,156866.0,B,1631.0
1615,G,G,39.0,156866.0,Y,2640.0
1616,Y,Y,40.0,156866.0,G,2240.0
1617,G,G,41.0,156866.0,Y,1848.0
1618,B,B,42.0,156866.0,R,2464.0
1619,G,G,43.0,156866.0,Y,4208.0
1620,R,R,44.0,156866.0,G,1624.0
1621,G,G,45.0,156866.0,R,1792.0
1622,Y,Y,46.0,156866.0,Y,2149.0
1623,G,G,47.0,156866.0,G,1712.0
1624,B,B,48.0,156866.0,B,1583.0
1625,Y,Y,49.0,156866.0,Y,1505.0
1626,B,B,50.0,156866.0,B,1415.0
1627,R,R,51.0,156866.0,R,1128.0
1628,G,G,52.0,156866.0,G,1048.0
1629,B,B,53.0,156866.0,B,1232.0
1630,G,G,54.0,156866.0,G,1175.0
1631,Y,Y,55.0,156866.0,Y,1089.0
1632,R,R,56.0,156866.0,R,1000.0
1633,Y,Y,57.0,156866.0,Y,959.0
1634,G,G,58.0,156866.0,G,1096.0
1635,R,R,59.0,156866.0,R,984.0
1636,G,G,60.0,156866.0,G,983.0
1637,Y,Y,61.0,156866.0,Y,1232.0
1638,B,B,62.0,156866.0,B,1368.0
1639,Y,Y,63.0,156866.0,Y,1704.0
1640,B,B,64.0,156866.0,B,968.0
1641,G,G,65.0,156866.0,G,1056.0
1642,Y,Y,66.0,156866.0,Y,960.0
1643,B,B,67.0,156866.0,B,1072.0
1644,Y,Y,68.0,156866.0,Y,984.0
1645,B,B,69.0,156866.0,B,1584.0
1646,G,G,70.0,156866.0,G,536.0
1647,B,B,71.0,156866.0,B,1184.0
1648,R,R,72.0,156866.0,R,576.0
1649,B,B,73.0,156866.0,B,848.0
1650,G,G,74.0,156866.0,G,1168.0
1651,R,R,75.0,156866.0,R,872.0
1652,Y,Y,76.0,156866.0,Y,928.0
1653,B,B,77.0,156866.0,B,1208.0
1654,Y,Y,78.0,156866.0,Y,992.0
1655,B,B,79.0,156866.0,B,1280.0
1656,Y,Y,80.0,156866.0,Y,1160.0
1657,B,B,81.0,156866.0,B,1039.0
1658,G,G,82.0,156866.0,G,976.0
1659,B,B,83.0,156866.0,B,1256.0
1660,G,G,84.0,156866.0,G,728.0
1661,Y,Y,85.0,156866.0,Y,1008.0
1662,R,R,86.0,156866.0,R,440.0
1663,Y,Y,87.0,156866.0,Y,960.0
1664,R,R,88.0,156866.0,R,807.0
1665,G,G,89.0,156866.0,G,1120.0
1666,Y,Y,90.0,156866.0,Y,1008.0
1667,G,G,1.0,156867.0,Y,3844.0
1668,R,R,2.0,156867.0,B,3992.0
1669,G,G,3.0,156867.0,R,1616.0
1670,B,B,4.0,156867.0,Y,1408.0
1671,R,G,5.0,156867.0,R,2304.0
1672,R,R,6.0,156867.0,B,2496.0
1673,Y,Y,7.0,156867.0,R,2624.0
1674,G,G,8.0,156867.0,B,2464.0
1675,Y,B,9.0,156867.0,Y,3200.0
1676,B,B,11.0,156867.0,Y,1816.0
1677,R,R,12.0,156867.0,B,2224.0
1678,G,Y,13.0,156867.0,G,1968.0
1679,B,B,14.0,156867.0,Y,2976.0
1680,R,R,15.0,156867.0,B,2320.0
1681,G,G,16.0,156867.0,Y,2120.0
1682,Y,Y,17.0,156867.0,B,2632.0
1683,R,R,18.0,156867.0,G,2592.0
1684,G,G,19.0,156867.0,R,1943.0
1685,Y,Y,20.0,156867.0,G,1935.0
1686,R,R,21.0,156867.0,B,2472.0
1687,B,B,22.0,156867.0,R,1832.0
1688,R,R,23.0,156867.0,B,1695.0
1689,B,B,24.0,156867.0,Y,3319.0
1690,Y,Y,25.0,156867.0,G,3839.0
1691,R,R,26.0,156867.0,B,2087.0
1692,B,B,27.0,156867.0,G,2200.0
1693,G,G,28.0,156867.0,Y,1615.0
1694,Y,Y,29.0,156867.0,B,2031.0
1695,B,B,30.0,156867.0,G,1599.0
1696,G,G,31.0,156867.0,R,1329.0
1697,B,B,32.0,156867.0,Y,1295.0
1698,R,R,33.0,156867.0,G,1240.0
1699,Y,Y,34.0,156867.0,R,1943.0
1700,G,G,35.0,156867.0,Y,2944.0
1701,R,R,36.0,156867.0,B,1952.0
1702,G,G,37.0,156867.0,R,2984.0
1703,R,R,38.0,156867.0,B,1631.0
1704,G,G,39.0,156867.0,Y,2640.0
1705,Y,Y,40.0,156867.0,G,2240.0
1706,G,G,41.0,156867.0,Y,1848.0
1707,B,B,42.0,156867.0,R,2464.0
1708,G,G,43.0,156867.0,Y,4208.0
1709,R,R,44.0,156867.0,G,1624.0
1710,G,G,45.0,156867.0,R,1792.0
1711,Y,Y,46.0,156867.0,Y,2149.0
1712,G,G,47.0,156867.0,G,1712.0
1713,B,B,48.0,156867.0,B,1583.0
1714,Y,Y,49.0,156867.0,Y,1505.0
1715,B,B,50.0,156867.0,B,1415.0
1716,R,R,51.0,156867.0,R,1128.0
1717,G,G,52.0,156867.0,G,1048.0
1718,B,B,53.0,156867.0,B,1232.0
1719,G,G,54.0,156867.0,G,1175.0
1720,Y,Y,55.0,156867.0,Y,1089.0
1721,R,R,56.0,156867.0,R,1000.0
1722,Y,Y,57.0,156867.0,Y,959.0
1723,G,G,58.0,156867.0,G,1096.0
1724,R,R,59.0,156867.0,R,984.0
1725,G,G,60.0,156867.0,G,983.0
1726,Y,Y,61.0,156867.0,Y,1232.0
1727,B,B,62.0,156867.0,B,1368.0
1728,Y,Y,63.0,156867.0,Y,1704.0
1729,B,B,64.0,156867.0,B,968.0
1730,G,G,65.0,156867.0,G,1056.0
1731,Y,Y,66.0,156867.0,Y,960.0
1732,B,B,67.0,156867.0,B,1072.0
1733,Y,Y,68.0,156867.0,Y,984.0
1734,B,B,69.0,156867.0,B,1584.0
1735,G,G,70.0,156867.0,G,536.0
1736,B,B,71.0,156867.0,B,1184.0
1737,R,R,72.0,156867.0,R,576.0
1738,B,B,73.0,156867.0,B,848.0
1739,G,G,74.0,156867.0,G,1168.0
1740,R,R,75.0,156867.0,R,872.0
1741,Y,Y,76.0,156867.0,Y,928.0
1742,B,B,77.0,156867.0,B,1208.0
1743,Y,Y,78.0,156867.0,Y,992.0
1744,B,B,79.0,156867.0,B,1280.0
1745,Y,Y,80.0,156867.0,Y,1160.0
1746,B,B,81.0,156867.0,B,1039.0
1747,G,G,82.0,156867.0,G,976.0
1748,B,B,83.0,156867.0,B,1256.0
1749,G,G,84.0,156867.0,G,728.0
1750,Y,Y,85.0,156867.0,Y,1008.0
1751,R,R,86.0,156867.0,R,440.0
1752,Y,Y,87.0,156867.0,Y,960.0
1753,R,R,88.0,156867.0,R,807.0
1754,G,G,89.0,156867.0,G,1120.0
1755,Y,Y,90.0,156867.0,Y,1008.0
1756,B,B,1.0,156868.0,G,2738.0
1757,Y,Y,2.0,156868.0,R,2664.0
1758,R,R,3.0,156868.0,Y,2135.0
1759,B,B,4.0,156868.0,R,2232.0
1760,Y,Y,5.0,156868.0,G,2528.0
1761,B,B,6.0,156868.0,R,1848.0
1762,G,G,7.0,156868.0,B,1872.0
1763,Y,Y,8.0,156868.0,R,1687.0
1764,G,G,9.0,156868.0,Y,2063.0
1765,Y,Y,10.0,156868.0,R,2264.0
1766,B,B,11.0,156868.0,G,1592.0
1767,G,G,12.0,156868.0,R,2600.0
1768,Y,Y,13.0,156868.0,G,1575.0
1769,B,B,14.0,156868.0,R,1560.0
1770,R,R,15.0,156868.0,Y,1927.0
1771,B,B,16.0,156868.0,R,2544.0
1772,R,R,17.0,156868.0,G,4552.0
1773,G,G,18.0,156868.0,Y,1520.0
1774,Y,Y,19.0,156868.0,R,1752.0
1775,G,G,20.0,156868.0,B,2592.0
1776,Y,Y,21.0,156868.0,G,1848.0
1777,G,G,22.0,156868.0,Y,1359.0
1778,R,R,23.0,156868.0,B,1632.0
1779,B,B,24.0,156868.0,G,984.0
1780,R,R,25.0,156868.0,Y,1639.0
1781,Y,Y,26.0,156868.0,B,2000.0
1782,B,B,27.0,156868.0,G,2712.0
1783,G,G,28.0,156868.0,Y,1952.0
1784,B,B,29.0,156868.0,R,3832.0
1785,R,R,30.0,156868.0,G,1656.0
1786,G,G,31.0,156868.0,Y,1520.0
1787,Y,Y,32.0,156868.0,B,1488.0
1788,B,B,33.0,156868.0,R,1840.0
1789,Y,Y,34.0,156868.0,B,1536.0
1790,R,R,35.0,156868.0,G,1456.0
1791,Y,Y,36.0,156868.0,B,1792.0
1792,G,G,37.0,156868.0,R,1864.0
1793,Y,Y,38.0,156868.0,B,1752.0
1794,B,B,39.0,156868.0,G,1376.0
1795,R,R,40.0,156868.0,B,1858.0
1796,B,B,41.0,156868.0,Y,1589.0
1797,Y,Y,42.0,156868.0,R,1600.0
1798,B,B,43.0,156868.0,G,1456.0
1799,Y,Y,44.0,156868.0,B,1592.0
1800,G,G,45.0,156868.0,R,1512.0
1801,G,G,46.0,156868.0,G,2437.0
1802,R,R,47.0,156868.0,R,1496.0
1803,G,G,48.0,156868.0,G,1632.0
1804,R,R,49.0,156868.0,R,2264.0
1805,Y,Y,50.0,156868.0,Y,1648.0
1806,G,G,51.0,156868.0,G,1240.0
1807,R,R,52.0,156868.0,R,1888.0
1808,Y,Y,53.0,156868.0,Y,1976.0
1809,R,R,54.0,156868.0,R,1720.0
1810,G,G,55.0,156868.0,G,1392.0
1811,B,B,56.0,156868.0,B,1120.0
1812,Y,Y,57.0,156868.0,Y,1128.0
1813,G,G,58.0,156868.0,G,1192.0
1814,R,R,59.0,156868.0,R,1736.0
1815,G,G,60.0,156868.0,G,1000.0
1816,B,B,61.0,156868.0,B,1064.0
1817,G,G,62.0,156868.0,G,896.0
1818,B,B,63.0,156868.0,B,792.0
1819,Y,Y,64.0,156868.0,Y,1336.0
1820,B,B,65.0,156868.0,B,1048.0
1821,G,G,66.0,156868.0,G,856.0
1822,Y,Y,67.0,156868.0,Y,1184.0
1823,R,R,68.0,156868.0,R,1864.0
1824,Y,Y,69.0,156868.0,Y,1752.0
1825,R,R,70.0,156868.0,R,1568.0
1826,B,B,71.0,156868.0,B,1048.0
1827,R,R,72.0,156868.0,R,1280.0
1828,G,G,73.0,156868.0,G,1176.0
1829,B,B,74.0,156868.0,B,1112.0
1830,R,R,75.0,156868.0,R,1384.0
1831,B,B,76.0,156868.0,B,1264.0
1832,G,G,77.0,156868.0,G,1136.0
1833,R,R,78.0,156868.0,R,1096.0
1834,G,G,79.0,156868.0,G,776.0
1835,B,B,80.0,156868.0,B,1192.0
1836,G,G,81.0,156868.0,G,896.0
1837,R,R,82.0,156868.0,R,1352.0
1838,Y,Y,83.0,156868.0,Y,1728.0
1839,G,G,84.0,156868.0,G,1160.0
1840,B,B,85.0,156868.0,B,920.0
1841,Y,Y,86.0,156868.0,Y,1432.0
1842,G,G,87.0,156868.0,G,1296.0
1843,R,R,88.0,156868.0,R,2168.0
1844,G,G,89.0,156868.0,G,2144.0
1845,Y,Y,90.0,156868.0,Y,1600.0
1846,G,G,1.0,156869.0,Y,3844.0
1847,R,R,2.0,156869.0,B,3992.0
1848,G,G,3.0,156869.0,R,1616.0
1849,B,B,4.0,156869.0,Y,1408.0
1850,R,G,5.0,156869.0,R,2304.0
1851,R,R,6.0,156869.0,B,2496.0
1852,Y,Y,7.0,156869.0,R,2624.0
1853,G,G,8.0,156869.0,B,2464.0
1854,Y,B,9.0,156869.0,Y,3200.0
1855,B,B,11.0,156869.0,Y,1816.0
1856,R,R,12.0,156869.0,B,2224.0
1857,G,Y,13.0,156869.0,G,1968.0
1858,B,B,14.0,156869.0,Y,2976.0
1859,R,R,15.0,156869.0,B,2320.0
1860,G,G,16.0,156869.0,Y,2120.0
1861,Y,Y,17.0,156869.0,B,2632.0
1862,R,R,18.0,156869.0,G,2592.0
1863,G,G,19.0,156869.0,R,1943.0
1864,Y,Y,20.0,156869.0,G,1935.0
1865,R,R,21.0,156869.0,B,2472.0
1866,B,B,22.0,156869.0,R,1832.0
1867,R,R,23.0,156869.0,B,1695.0
1868,B,B,24.0,156869.0,Y,3319.0
1869,Y,Y,25.0,156869.0,G,3839.0
1870,R,R,26.0,156869.0,B,2087.0
1871,B,B,27.0,156869.0,G,2200.0
1872,G,G,28.0,156869.0,Y,1615.0
1873,Y,Y,29.0,156869.0,B,2031.0
1874,B,B,30.0,156869.0,G,1599.0
1875,G,G,31.0,156869.0,R,1329.0
1876,B,B,32.0,156869.0,Y,1295.0
1877,R,R,33.0,156869.0,G,1240.0
1878,Y,Y,34.0,156869.0,R,1943.0
1879,G,G,35.0,156869.0,Y,2944.0
1880,R,R,36.0,156869.0,B,1952.0
1881,G,G,37.0,156869.0,R,2984.0
1882,R,R,38.0,156869.0,B,1631.0
1883,G,G,39.0,156869.0,Y,2640.0
1884,Y,Y,40.0,156869.0,G,2240.0
1885,G,G,41.0,156869.0,Y,1848.0
1886,B,B,42.0,156869.0,R,2464.0
1887,G,G,43.0,156869.0,Y,4208.0
1888,R,R,44.0,156869.0,G,1624.0
1889,G,G,45.0,156869.0,R,1792.0
1890,Y,Y,46.0,156869.0,Y,2149.0
1891,G,G,47.0,156869.0,G,1712.0
1892,B,B,48.0,156869.0,B,1583.0
1893,Y,Y,49.0,156869.0,Y,1505.0
1894,B,B,50.0,156869.0,B,1415.0
1895,R,R,51.0,156869.0,R,1128.0
1896,G,G,52.0,156869.0,G,1048.0
1897,B,B,53.0,156869.0,B,1232.0
1898,G,G,54.0,156869.0,G,1175.0
1899,Y,Y,55.0,156869.0,Y,1089.0
1900,R,R,56.0,156869.0,R,1000.0
1901,Y,Y,57.0,156869.0,Y,959.0
1902,G,G,58.0,156869.0,G,1096.0
1903,R,R,59.0,156869.0,R,984.0
1904,G,G,60.0,156869.0,G,983.0
1905,Y,Y,61.0,156869.0,Y,1232.0
1906,B,B,62.0,156869.0,B,1368.0
1907,Y,Y,63.0,156869.0,Y,1704.0
1908,B,B,64.0,156869.0,B,968.0
1909,G,G,65.0,156869.0,G,1056.0
1910,Y,Y,66.0,156869.0,Y,960.0
1911,B,B,67.0,156869.0,B,1072.0
1912,Y,Y,68.0,156869.0,Y,984.0
1913,B,B,69.0,156869.0,B,1584.0
1914,G,G,70.0,156869.0,G,536.0
1915,B,B,71.0,156869.0,B,1184.0
1916,R,R,72.0,156869.0,R,576.0
1917,B,B,73.0,156869.0,B,848.0
1918,G,G,74.0,156869.0,G,1168.0
1919,R,R,75.0,156869.0,R,872.0
1920,Y,Y,76.0,156869.0,Y,928.0
1921,B,B,77.0,156869.0,B,1208.0
1922,Y,Y,78.0,156869.0,Y,992.0
1923,B,B,79.0,156869.0,B,1280.0
1924,Y,Y,80.0,156869.0,Y,1160.0
1925,B,B,81.0,156869.0,B,1039.0
1926,G,G,82.0,156869.0,G,976.0
1927,B,B,83.0,156869.0,B,1256.0
1928,G,G,84.0,156869.0,G,728.0
1929,Y,Y,85.0,156869.0,Y,1008.0
1930,R,R,86.0,156869.0,R,440.0
1931,Y,Y,87.0,156869.0,Y,960.0
1932,R,R,88.0,156869.0,R,807.0
1933,G,G,89.0,156869.0,G,1120.0
1934,Y,Y,90.0,156869.0,Y,1008.0
1935,G,G,1.0,156870.0,Y,3844.0
1936,R,R,2.0,156870.0,B,3992.0
1937,G,G,3.0,156870.0,R,1616.0
1938,B,B,4.0,156870.0,Y,1408.0
1939,R,G,5.0,156870.0,R,2304.0
1940,R,R,6.0,156870.0,B,2496.0
1941,Y,Y,7.0,156870.0,R,2624.0
1942,G,G,8.0,156870.0,B,2464.0
1943,Y,B,9.0,156870.0,Y,3200.0
1944,B,B,11.0,156870.0,Y,1816.0
1945,R,R,12.0,156870.0,B,2224.0
1946,G,Y,13.0,156870.0,G,1968.0
1947,B,B,14.0,156870.0,Y,2976.0
1948,R,R,15.0,156870.0,B,2320.0
1949,G,G,16.0,156870.0,Y,2120.0
1950,Y,Y,17.0,156870.0,B,2632.0
1951,R,R,18.0,156870.0,G,2592.0
1952,G,G,19.0,156870.0,R,1943.0
1953,Y,Y,20.0,156870.0,G,1935.0
1954,R,R,21.0,156870.0,B,2472.0
1955,B,B,22.0,156870.0,R,1832.0
1956,R,R,23.0,156870.0,B,1695.0
1957,B,B,24.0,156870.0,Y,3319.0
1958,Y,Y,25.0,156870.0,G,3839.0
1959,R,R,26.0,156870.0,B,2087.0
1960,B,B,27.0,156870.0,G,2200.0
1961,G,G,28.0,156870.0,Y,1615.0
1962,Y,Y,29.0,156870.0,B,2031.0
1963,B,B,30.0,156870.0,G,1599.0
1964,G,G,31.0,156870.0,R,1329.0
1965,B,B,32.0,156870.0,Y,1295.0
1966,R,R,33.0,156870.0,G,1240.0
1967,Y,Y,34.0,156870.0,R,1943.0
1968,G,G,35.0,156870.0,Y,2944.0
1969,R,R,36.0,156870.0,B,1952.0
1970,G,G,37.0,156870.0,R,2984.0
1971,R,R,38.0,156870.0,B,1631.0
1972,G,G,39.0,156870.0,Y,2640.0
1973,Y,Y,40.0,156870.0,G,2240.0
1974,G,G,41.0,156870.0,Y,1848.0
1975,B,B,42.0,156870.0,R,2464.0
1976,G,G,43.0,156870.0,Y,4208.0
1977,R,R,44.0,156870.0,G,1624.0
1978,G,G,45.0,156870.0,R,1792.0
1979,Y,Y,46.0,156870.0,Y,2149.0
1980,G,G,47.0,156870.0,G,1712.0
1981,B,B,48.0,156870.0,B,1583.0
1982,Y,Y,49.0,156870.0,Y,1505.0
1983,B,B,50.0,156870.0,B,1415.0
1984,R,R,51.0,156870.0,R,1128.0
1985,G,G,52.0,156870.0,G,1048.0
1986,B,B,53.0,156870.0,B,1232.0
1987,G,G,54.0,156870.0,G,1175.0
1988,Y,Y,55.0,156870.0,Y,1089.0
1989,R,R,56.0,156870.0,R,1000.0
1990,Y,Y,57.0,156870.0,Y,959.0
1991,G,G,58.0,156870.0,G,1096.0
1992,R,R,59.0,156870.0,R,984.0
1993,G,G,60.0,156870.0,G,983.0
1994,Y,Y,61.0,156870.0,Y,1232.0
1995,B,B,62.0,156870.0,B,1368.0
1996,Y,Y,63.0,156870.0,Y,1704.0
1997,B,B,64.0,156870.0,B,968.0
1998,G,G,65.0,156870.0,G,1056.0
1999,Y,Y,66.0,156870.0,Y,960.0
2000,B,B,67.0,156870.0,B,1072.0
2001,Y,Y,68.0,156870.0,Y,984.0
2002,B,B,69.0,156870.0,B,1584.0
2003,G,G,70.0,156870.0,G,536.0
2004,B,B,71.0,156870.0,B,1184.0
2005,R,R,72.0,156870.0,R,576.0
2006,B,B,73.0,156870.0,B,848.0
2007,G,G,74.0,156870.0,G,1168.0
2008,R,R,75.0,156870.0,R,872.0
2009,Y,Y,76.0,156870.0,Y,928.0
2010,B,B,77.0,156870.0,B,1208.0
2011,Y,Y,78.0,156870.0,Y,992.0
2012,B,B,79.0,156870.0,B,1280.0
2013,Y,Y,80.0,156870.0,Y,1160.0
2014,B,B,81.0,156870.0,B,1039.0
2015,G,G,82.0,156870.0,G,976.0
2016,B,B,83.0,156870.0,B,1256.0
2017,G,G,84.0,156870.0,G,728.0
2018,Y,Y,85.0,156870.0,Y,1008.0
2019,R,R,86.0,156870.0,R,440.0
2020,Y,Y,87.0,156870.0,Y,960.0
2021,R,R,88.0,156870.0,R,807.0
2022,G,G,89.0,156870.0,G,1120.0
2023,Y,Y,90.0,156870.0,Y,1008.0
2024,G,G,1.0,156871.0,Y,3844.0
2025,R,R,2.0,156871.0,B,3992.0
2026,G,G,3.0,156871.0,R,1616.0
2027,B,B,4.0,156871.0,Y,1408.0
2028,R,G,5.0,156871.0,R,2304.0
2029,R,R,6.0,156871.0,B,2496.0
2030,Y,Y,7.0,156871.0,R,2624.0
2031,G,G,8.0,156871.0,B,2464.0
2032,Y,B,9.0,156871.0,Y,3200.0
2033,B,B,11.0,156871.0,Y,1816.0
2034,R,R,12.0,156871.0,B,2224.0
2035,G,Y,13.0,156871.0,G,1968.0
2036,B,B,14.0,156871.0,Y,2976.0
2037,R,R,15.0,156871.0,B,2320.0
2038,G,G,16.0,156871.0,Y,2120.0
2039,Y,Y,17.0,156871.0,B,2632.0
2040,R,R,18.0,156871.0,G,2592.0
2041,G,G,19.0,156871.0,R,1943.0
2042,Y,Y,20.0,156871.0,G,1935.0
2043,R,R,21.0,156871.0,B,2472.0
2044,B,B,22.0,156871.0,R,1832.0
2045,R,R,23.0,156871.0,B,1695.0
2046,B,B,24.0,156871.0,Y,3319.0
2047,Y,Y,25.0,156871.0,G,3839.0
2048,R,R,26.0,156871.0,B,2087.0
2049,B,B,27.0,156871.0,G,2200.0
2050,G,G,28.0,156871.0,Y,1615.0
2051,Y,Y,29.0,156871.0,B,2031.0
2052,B,B,30.0,156871.0,G,1599.0
2053,G,G,31.0,156871.0,R,1329.0
2054,B,B,32.0,156871.0,Y,1295.0
2055,R,R,33.0,156871.0,G,1240.0
2056,Y,Y,34.0,156871.0,R,1943.0
2057,G,G,35.0,156871.0,Y,2944.0
2058,R,R,36.0,156871.0,B,1952.0
2059,G,G,37.0,156871.0,R,2984.0
2060,R,R,38.0,156871.0,B,1631.0
2061,G,G,39.0,156871.0,Y,2640.0
2062,Y,Y,40.0,156871.0,G,2240.0
2063,G,G,41.0,156871.0,Y,1848.0
2064,B,B,42.0,156871.0,R,2464.0
2065,G,G,43.0,156871.0,Y,4208.0
2066,R,R,44.0,156871.0,G,1624.0
2067,G,G,45.0,156871.0,R,1792.0
2068,Y,Y,46.0,156871.0,Y,2149.0
2069,G,G,47.0,156871.0,G,1712.0
2070,B,B,48.0,156871.0,B,1583.0
2071,Y,Y,49.0,156871.0,Y,1505.0
2072,B,B,50.0,156871.0,B,1415.0
2073,R,R,51.0,156871.0,R,1128.0
2074,G,G,52.0,156871.0,G,1048.0
2075,B,B,53.0,156871.0,B,1232.0
2076,G,G,54.0,156871.0,G,1175.0
2077,Y,Y,55.0,156871.0,Y,1089.0
2078,R,R,56.0,156871.0,R,1000.0
2079,Y,Y,57.0,156871.0,Y,959.0
2080,G,G,58.0,156871.0,G,1096.0
2081,R,R,59.0,156871.0,R,984.0
2082,G,G,60.0,156871.0,G,983.0
2083,Y,Y,61.0,156871.0,Y,1232.0
2084,B,B,62.0,156871.0,B,1368.0
2085,Y,Y,63.0,156871.0,Y,1704.0
2086,B,B,64.0,156871.0,B,968.0
2087,G,G,65.0,156871.0,G,1056.0
2088,Y,Y,66.0,156871.0,Y,960.0
2089,B,B,67.0,156871.0,B,1072.0
2090,Y,Y,68.0,156871.0,Y,984.0
2091,B,B,69.0,156871.0,B,1584.0
2092,G,G,70.0,156871.0,G,536.0
2093,B,B,71.0,156871.0,B,1184.0
2094,R,R,72.0,156871.0,R,576.0
2095,B,B,73.0,156871.0,B,848.0
2096,G,G,74.0,156871.0,G,1168.0
2097,R,R,75.0,156871.0,R,872.0
2098,Y,Y,76.0,156871.0,Y,928.0
2099,B,B,77.0,156871.0,B,1208.0
2100,Y,Y,78.0,156871.0,Y,992.0
2101,B,B,79.0,156871.0,B,1280.0
2102,Y,Y,80.0,156871.0,Y,1160.0
2103,B,B,81.0,156871.0,B,1039.0
2104,G,G,82.0,156871.0,G,976.0
2105,B,B,83.0,156871.0,B,1256.0
2106,G,G,84.0,156871.0,G,728.0
2107,Y,Y,85.0,156871.0,Y,1008.0
2108,R,R,86.0,156871.0,R,440.0
2109,Y,Y,87.0,156871.0,Y,960.0
2110,R,R,88.0,156871.0,R,807.0
2111,G,G,89.0,156871.0,G,1120.0
2112,Y,Y,90.0,156871.0,Y,1008.0
2113,R,B,2.0,156872.0,Y,2984.0
2114,G,Y,3.0,156872.0,G,2944.0
2115,G,B,4.0,156872.0,Y,3040.0
2116,Y,Y,7.0,156872.0,B,4600.0
2117,B,B,8.0,156872.0,Y,2032.0
2118,G,G,9.0,156872.0,R,2320.0
2119,Y,Y,10.0,156872.0,B,2312.0
2120,R,R,11.0,156872.0,Y,2424.0
2121,B,B,12.0,156872.0,R,3968.0
2122,G,G,13.0,156872.0,B,2488.0
2123,Y,Y,14.0,156872.0,R,2872.0
2124,G,G,15.0,156872.0,B,3048.0
2125,Y,Y,16.0,156872.0,R,2840.0
2126,G,G,17.0,156872.0,Y,2336.0
2127,Y,Y,18.0,156872.0,B,2456.0
2128,R,R,19.0,156872.0,Y,1767.0
2129,B,B,20.0,156872.0,G,1976.0
2130,Y,Y,21.0,156872.0,R,2024.0
2131,B,B,22.0,156872.0,Y,3704.0
2132,G,G,23.0,156872.0,R,1656.0
2133,B,B,24.0,156872.0,Y,1464.0
2134,Y,Y,25.0,156872.0,G,3095.0
2135,B,B,26.0,156872.0,R,2233.0
2136,G,G,27.0,156872.0,Y,2224.0
2137,R,R,28.0,156872.0,B,2151.0
2138,G,G,29.0,156872.0,Y,2112.0
2139,B,B,30.0,156872.0,G,1256.0
2140,R,R,31.0,156872.0,Y,1472.0
2141,B,B,32.0,156872.0,G,1768.0
2142,Y,Y,33.0,156872.0,B,2128.0
2143,B,B,34.0,156872.0,G,2287.0
2144,G,G,35.0,156872.0,B,1391.0
2145,B,B,36.0,156872.0,R,2175.0
2146,R,R,37.0,156872.0,B,1552.0
2147,B,B,38.0,156872.0,R,1928.0
2148,G,G,39.0,156872.0,B,1176.0
2149,R,R,40.0,156872.0,Y,3216.0
2150,G,G,41.0,156872.0,R,2024.0
2151,Y,Y,42.0,156872.0,B,2688.0
2152,B,B,43.0,156872.0,G,1664.0
2153,Y,Y,44.0,156872.0,R,3088.0
2154,B,B,45.0,156872.0,Y,2272.0
2155,G,G,46.0,156872.0,G,3989.0
2156,R,R,47.0,156872.0,R,2424.0
2157,G,G,48.0,156872.0,G,1856.0
2158,Y,Y,49.0,156872.0,Y,1880.0
2159,G,G,50.0,156872.0,G,2048.0
2160,B,B,51.0,156872.0,B,1776.0
2161,R,R,52.0,156872.0,R,2040.0
2162,B,B,53.0,156872.0,B,1920.0
2163,Y,Y,54.0,156872.0,Y,1792.0
2164,B,B,55.0,156872.0,B,1752.0
2165,G,G,56.0,156872.0,G,1456.0
2166,Y,Y,57.0,156872.0,Y,1520.0
2167,G,G,58.0,156872.0,G,2136.0
2168,R,R,59.0,156872.0,R,1576.0
2169,G,G,60.0,156872.0,G,1464.0
2170,Y,Y,61.0,156872.0,Y,1520.0
2171,G,G,62.0,156872.0,G,2240.0
2172,Y,Y,63.0,156872.0,Y,1864.0
2173,R,R,64.0,156872.0,R,1616.0
2174,B,B,65.0,156872.0,B,2208.0
2175,Y,Y,66.0,156872.0,Y,1504.0
2176,B,B,67.0,156872.0,B,2200.0
2177,G,G,68.0,156872.0,G,1384.0
2178,Y,Y,69.0,156872.0,Y,1480.0
2179,G,G,70.0,156872.0,G,1808.0
2180,Y,Y,71.0,156872.0,Y,2008.0
2181,B,B,72.0,156872.0,B,1944.0
2182,G,G,73.0,156872.0,G,1760.0
2183,B,B,74.0,156872.0,B,1440.0
2184,G,G,75.0,156872.0,G,1552.0
2185,B,B,76.0,156872.0,B,1624.0
2186,Y,Y,77.0,156872.0,Y,1360.0
2187,R,R,78.0,156872.0,R,1376.0
2188,G,G,79.0,156872.0,G,1512.0
2189,B,B,80.0,156872.0,B,1680.0
2190,R,R,81.0,156872.0,R,1496.0
2191,G,G,82.0,156872.0,G,2056.0
2192,R,R,83.0,156872.0,R,1568.0
2193,G,G,84.0,156872.0,G,2008.0
2194,R,R,85.0,156872.0,R,1248.0
2195,Y,Y,86.0,156872.0,Y,1632.0
2196,G,G,87.0,156872.0,G,2016.0
2197,R,R,88.0,156872.0,R,1472.0
2198,G,G,89.0,156872.0,G,1799.0
2199,Y,Y,90.0,156872.0,Y,1471.0
2200,G,G,1.0,156873.0,Y,3844.0
2201,R,R,2.0,156873.0,B,3992.0
2202,G,G,3.0,156873.0,R,1616.0
2203,B,B,4.0,156873.0,Y,1408.0
2204,R,G,5.0,156873.0,R,2304.0
2205,R,R,6.0,156873.0,B,2496.0
2206,Y,Y,7.0,156873.0,R,2624.0
2207,G,G,8.0,156873.0,B,2464.0
2208,Y,B,9.0,156873.0,Y,3200.0
2209,B,B,11.0,156873.0,Y,1816.0
2210,R,R,12.0,156873.0,B,2224.0
2211,G,Y,13.0,156873.0,G,1968.0
2212,B,B,14.0,156873.0,Y,2976.0
2213,R,R,15.0,156873.0,B,2320.0
2214,G,G,16.0,156873.0,Y,2120.0
2215,Y,Y,17.0,156873.0,B,2632.0
2216,R,R,18.0,156873.0,G,2592.0
2217,G,G,19.0,156873.0,R,1943.0
2218,Y,Y,20.0,156873.0,G,1935.0
2219,R,R,21.0,156873.0,B,2472.0
2220,B,B,22.0,156873.0,R,1832.0
2221,R,R,23.0,156873.0,B,1695.0
2222,B,B,24.0,156873.0,Y,3319.0
2223,Y,Y,25.0,156873.0,G,3839.0
2224,R,R,26.0,156873.0,B,2087.0
2225,B,B,27.0,156873.0,G,2200.0
2226,G,G,28.0,156873.0,Y,1615.0
2227,Y,Y,29.0,156873.0,B,2031.0
2228,B,B,30.0,156873.0,G,1599.0
2229,G,G,31.0,156873.0,R,1329.0
2230,B,B,32.0,156873.0,Y,1295.0
2231,R,R,33.0,156873.0,G,1240.0
2232,Y,Y,34.0,156873.0,R,1943.0
2233,G,G,35.0,156873.0,Y,2944.0
2234,R,R,36.0,156873.0,B,1952.0
2235,G,G,37.0,156873.0,R,2984.0
2236,R,R,38.0,156873.0,B,1631.0
2237,G,G,39.0,156873.0,Y,2640.0
2238,Y,Y,40.0,156873.0,G,2240.0
2239,G,G,41.0,156873.0,Y,1848.0
2240,B,B,42.0,156873.0,R,2464.0
2241,G,G,43.0,156873.0,Y,4208.0
2242,R,R,44.0,156873.0,G,1624.0
2243,G,G,45.0,156873.0,R,1792.0
2244,Y,Y,46.0,156873.0,Y,2149.0
2245,G,G,47.0,156873.0,G,1712.0
2246,B,B,48.0,156873.0,B,1583.0
2247,Y,Y,49.0,156873.0,Y,1505.0
2248,B,B,50.0,156873.0,B,1415.0
2249,R,R,51.0,156873.0,R,1128.0
2250,G,G,52.0,156873.0,G,1048.0
2251,B,B,53.0,156873.0,B,1232.0
2252,G,G,54.0,156873.0,G,1175.0
2253,Y,Y,55.0,156873.0,Y,1089.0
2254,R,R,56.0,156873.0,R,1000.0
2255,Y,Y,57.0,156873.0,Y,959.0
2256,G,G,58.0,156873.0,G,1096.0
2257,R,R,59.0,156873.0,R,984.0
2258,G,G,60.0,156873.0,G,983.0
2259,Y,Y,61.0,156873.0,Y,1232.0
2260,B,B,62.0,156873.0,B,1368.0
2261,Y,Y,63.0,156873.0,Y,1704.0
2262,B,B,64.0,156873.0,B,968.0
2263,G,G,65.0,156873.0,G,1056.0
2264,Y,Y,66.0,156873.0,Y,960.0
2265,B,B,67.0,156873.0,B,1072.0
2266,Y,Y,68.0,156873.0,Y,984.0
2267,B,B,69.0,156873.0,B,1584.0
2268,G,G,70.0,156873.0,G,536.0
2269,B,B,71.0,156873.0,B,1184.0
2270,R,R,72.0,156873.0,R,576.0
2271,B,B,73.0,156873.0,B,848.0
2272,G,G,74.0,156873.0,G,1168.0
2273,R,R,75.0,156873.0,R,872.0
2274,Y,Y,76.0,156873.0,Y,928.0
2275,B,B,77.0,156873.0,B,1208.0
2276,Y,Y,78.0,156873.0,Y,992.0
2277,B,B,79.0,156873.0,B,1280.0
2278,Y,Y,80.0,156873.0,Y,1160.0
2279,B,B,81.0,156873.0,B,1039.0
2280,G,G,82.0,156873.0,G,976.0
2281,B,B,83.0,156873.0,B,1256.0
2282,G,G,84.0,156873.0,G,728.0
2283,Y,Y,85.0,156873.0,Y,1008.0
2284,R,R,86.0,156873.0,R,440.0
2285,Y,Y,87.0,156873.0,Y,960.0
2286,R,R,88.0,156873.0,R,807.0
2287,G,G,89.0,156873.0,G,1120.0
2288,Y,Y,90.0,156873.0,Y,1008.0
2289,G,G,1.0,156874.0,Y,3844.0
2290,R,R,2.0,156874.0,B,3992.0
2291,G,G,3.0,156874.0,R,1616.0
2292,B,B,4.0,156874.0,Y,1408.0
2293,R,G,5.0,156874.0,R,2304.0
2294,R,R,6.0,156874.0,B,2496.0
2295,Y,Y,7.0,156874.0,R,2624.0
2296,G,G,8.0,156874.0,B,2464.0
2297,Y,B,9.0,156874.0,Y,3200.0
2298,B,B,11.0,156874.0,Y,1816.0
2299,R,R,12.0,156874.0,B,2224.0
2300,G,Y,13.0,156874.0,G,1968.0
2301,B,B,14.0,156874.0,Y,2976.0
2302,R,R,15.0,156874.0,B,2320.0
2303,G,G,16.0,156874.0,Y,2120.0
2304,Y,Y,17.0,156874.0,B,2632.0
2305,R,R,18.0,156874.0,G,2592.0
2306,G,G,19.0,156874.0,R,1943.0
2307,Y,Y,20.0,156874.0,G,1935.0
2308,R,R,21.0,156874.0,B,2472.0
2309,B,B,22.0,156874.0,R,1832.0
2310,R,R,23.0,156874.0,B,1695.0
2311,B,B,24.0,156874.0,Y,3319.0
2312,Y,Y,25.0,156874.0,G,3839.0
2313,R,R,26.0,156874.0,B,2087.0
2314,B,B,27.0,156874.0,G,2200.0
2315,G,G,28.0,156874.0,Y,1615.0
2316,Y,Y,29.0,156874.0,B,2031.0
2317,B,B,30.0,156874.0,G,1599.0
2318,G,G,31.0,156874.0,R,1329.0
2319,B,B,32.0,156874.0,Y,1295.0
2320,R,R,33.0,156874.0,G,1240.0
2321,Y,Y,34.0,156874.0,R,1943.0
2322,G,G,35.0,156874.0,Y,2944.0
2323,R,R,36.0,156874.0,B,1952.0
2324,G,G,37.0,156874.0,R,2984.0
2325,R,R,38.0,156874.0,B,1631.0
2326,G,G,39.0,156874.0,Y,2640.0
2327,Y,Y,40.0,156874.0,G,2240.0
2328,G,G,41.0,156874.0,Y,1848.0
2329,B,B,42.0,156874.0,R,2464.0
2330,G,G,43.0,156874.0,Y,4208.0
2331,R,R,44.0,156874.0,G,1624.0
2332,G,G,45.0,156874.0,R,1792.0
2333,Y,Y,46.0,156874.0,Y,2149.0
2334,G,G,47.0,156874.0,G,1712.0
2335,B,B,48.0,156874.0,B,1583.0
2336,Y,Y,49.0,156874.0,Y,1505.0
2337,B,B,50.0,156874.0,B,1415.0
2338,R,R,51.0,156874.0,R,1128.0
2339,G,G,52.0,156874.0,G,1048.0
2340,B,B,53.0,156874.0,B,1232.0
2341,G,G,54.0,156874.0,G,1175.0
2342,Y,Y,55.0,156874.0,Y,1089.0
2343,R,R,56.0,156874.0,R,1000.0
2344,Y,Y,57.0,156874.0,Y,959.0
2345,G,G,58.0,156874.0,G,1096.0
2346,R,R,59.0,156874.0,R,984.0
2347,G,G,60.0,156874.0,G,983.0
2348,Y,Y,61.0,156874.0,Y,1232.0
2349,B,B,62.0,156874.0,B,1368.0
2350,Y,Y,63.0,156874.0,Y,1704.0
2351,B,B,64.0,156874.0,B,968.0
2352,G,G,65.0,156874.0,G,1056.0
2353,Y,Y,66.0,156874.0,Y,960.0
2354,B,B,67.0,156874.0,B,1072.0
2355,Y,Y,68.0,156874.0,Y,984.0
2356,B,B,69.0,156874.0,B,1584.0
2357,G,G,70.0,156874.0,G,536.0
2358,B,B,71.0,156874.0,B,1184.0
2359,R,R,72.0,156874.0,R,576.0
2360,B,B,73.0,156874.0,B,848.0
2361,G,G,74.0,156874.0,G,1168.0
2362,R,R,75.0,156874.0,R,872.0
2363,Y,Y,76.0,156874.0,Y,928.0
2364,B,B,77.0,156874.0,B,1208.0
2365,Y,Y,78.0,156874.0,Y,992.0
2366,B,B,79.0,156874.0,B,1280.0
2367,Y,Y,80.0,156874.0,Y,1160.0
2368,B,B,81.0,156874.0,B,1039.0
2369,G,G,82.0,156874.0,G,976.0
2370,B,B,83.0,156874.0,B,1256.0
2371,G,G,84.0,156874.0,G,728.0
2372,Y,Y,85.0,156874.0,Y,1008.0
2373,R,R,86.0,156874.0,R,440.0
2374,Y,Y,87.0,156874.0,Y,960.0
2375,R,R,88.0,156874.0,R,807.0
2376,G,G,89.0,156874.0,G,1120.0
2377,Y,Y,90.0,156874.0,Y,1008.0
2378,G,G,3.0,156875.0,Y,4992.0
2379,Y,Y,4.0,156875.0,R,1904.0
2380,R,R,5.0,156875.0,G,5320.0
2381,Y,Y,6.0,156875.0,R,3432.0
2382,B,B,7.0,156875.0,G,3856.0
2383,Y,Y,8.0,156875.0,R,1536.0
2384,B,B,9.0,156875.0,G,1656.0
2385,R,R,10.0,156875.0,B,1872.0
2386,B,B,11.0,156875.0,G,2088.0
2387,G,G,12.0,156875.0,B,5256.0
2388,G,G,14.0,156875.0,B,1552.0
2389,B,B,15.0,156875.0,Y,2208.0
2390,Y,Y,16.0,156875.0,B,1648.0
2391,B,B,17.0,156875.0,G,1752.0
2392,R,R,18.0,156875.0,Y,5344.0
2393,B,B,19.0,156875.0,R,3432.0
2394,R,R,20.0,156875.0,B,1968.0
2395,Y,Y,21.0,156875.0,G,1440.0
2396,R,R,22.0,156875.0,B,1599.0
2397,G,G,23.0,156875.0,R,1711.0
2398,R,R,24.0,156875.0,B,1560.0
2399,B,B,25.0,156875.0,G,2856.0
2400,G,G,26.0,156875.0,Y,1888.0
2401,B,B,27.0,156875.0,R,1512.0
2402,Y,Y,28.0,156875.0,G,1904.0
2403,G,G,29.0,156875.0,B,2799.0
2404,B,B,30.0,156875.0,Y,1648.0
2405,Y,Y,31.0,156875.0,G,1551.0
2406,B,B,32.0,156875.0,R,1360.0
2407,R,R,33.0,156875.0,B,1447.0
2408,B,B,34.0,156875.0,G,3256.0
2409,G,G,35.0,156875.0,Y,3560.0
2410,R,R,36.0,156875.0,G,1615.0
2411,G,G,37.0,156875.0,R,1655.0
2412,Y,Y,38.0,156875.0,G,1599.0
2413,B,B,39.0,156875.0,Y,2455.0
2414,G,G,40.0,156875.0,B,2423.0
2415,B,B,41.0,156875.0,R,1575.0
2416,G,G,42.0,156875.0,Y,2623.0
2417,Y,Y,43.0,156875.0,R,1687.0
2418,G,G,44.0,156875.0,B,1591.0
2419,R,R,45.0,156875.0,Y,2240.0
2420,R,R,47.0,156875.0,R,1424.0
2421,B,B,48.0,156875.0,B,1968.0
2422,R,R,49.0,156875.0,R,1440.0
2423,R,R,51.0,156875.0,R,5760.0
2424,Y,Y,52.0,156875.0,Y,3200.0
2425,R,R,53.0,156875.0,R,1224.0
2426,Y,Y,54.0,156875.0,Y,1104.0
2427,B,B,55.0,156875.0,B,1360.0
2428,G,G,56.0,156875.0,G,2152.0
2429,R,R,57.0,156875.0,R,1248.0
2430,B,B,58.0,156875.0,B,1152.0
2431,G,G,59.0,156875.0,G,1504.0
2432,R,R,60.0,156875.0,R,1592.0
2433,G,G,61.0,156875.0,G,1400.0
2434,R,R,62.0,156875.0,R,1096.0
2435,G,G,63.0,156875.0,G,1016.0
2436,Y,Y,64.0,156875.0,Y,1120.0
2437,R,R,65.0,156875.0,R,2032.0
2438,Y,Y,66.0,156875.0,Y,1072.0
2439,B,B,67.0,156875.0,B,1136.0
2440,R,R,68.0,156875.0,R,1008.0
2441,Y,Y,69.0,156875.0,Y,976.0
2442,B,B,70.0,156875.0,B,992.0
2443,Y,Y,71.0,156875.0,Y,1048.0
2444,G,G,72.0,156875.0,G,1040.0
2445,R,R,73.0,156875.0,R,1080.0
2446,G,G,74.0,156875.0,G,1024.0
2447,B,B,75.0,156875.0,B,1144.0
2448,R,R,76.0,156875.0,R,952.0
2449,G,G,77.0,156875.0,G,1008.0
2450,B,B,78.0,156875.0,B,1264.0
2451,Y,Y,79.0,156875.0,Y,1000.0
2452,B,B,80.0,156875.0,B,968.0
2453,Y,Y,81.0,156875.0,Y,1000.0
2454,R,R,82.0,156875.0,R,1192.0
2455,Y,Y,83.0,156875.0,Y,944.0
2456,B,B,84.0,156875.0,B,936.0
2457,Y,Y,85.0,156875.0,Y,896.0
2458,G,G,86.0,156875.0,G,936.0
2459,Y,Y,87.0,156875.0,Y,944.0
2460,R,R,88.0,156875.0,R,984.0
2461,G,G,89.0,156875.0,G,1096.0
2462,R,R,90.0,156875.0,R,984.0
2463,G,G,3.0,156876.0,Y,4992.0
2464,Y,Y,4.0,156876.0,R,1904.0
2465,R,R,5.0,156876.0,G,5320.0
2466,Y,Y,6.0,156876.0,R,3432.0
2467,B,B,7.0,156876.0,G,3856.0
2468,Y,Y,8.0,156876.0,R,1536.0
2469,B,B,9.0,156876.0,G,1656.0
2470,R,R,10.0,156876.0,B,1872.0
2471,B,B,11.0,156876.0,G,2088.0
2472,G,G,12.0,156876.0,B,5256.0
2473,G,G,14.0,156876.0,B,1552.0
2474,B,B,15.0,156876.0,Y,2208.0
2475,Y,Y,16.0,156876.0,B,1648.0
2476,B,B,17.0,156876.0,G,1752.0
2477,R,R,18.0,156876.0,Y,5344.0
2478,B,B,19.0,156876.0,R,3432.0
2479,R,R,20.0,156876.0,B,1968.0
2480,Y,Y,21.0,156876.0,G,1440.0
2481,R,R,22.0,156876.0,B,1599.0
2482,G,G,23.0,156876.0,R,1711.0
2483,R,R,24.0,156876.0,B,1560.0
2484,B,B,25.0,156876.0,G,2856.0
2485,G,G,26.0,156876.0,Y,1888.0
2486,B,B,27.0,156876.0,R,1512.0
2487,Y,Y,28.0,156876.0,G,1904.0
2488,G,G,29.0,156876.0,B,2799.0
2489,B,B,30.0,156876.0,Y,1648.0
2490,Y,Y,31.0,156876.0,G,1551.0
2491,B,B,32.0,156876.0,R,1360.0
2492,R,R,33.0,156876.0,B,1447.0
2493,B,B,34.0,156876.0,G,3256.0
2494,G,G,35.0,156876.0,Y,3560.0
2495,R,R,36.0,156876.0,G,1615.0
2496,G,G,37.0,156876.0,R,1655.0
2497,Y,Y,38.0,156876.0,G,1599.0
2498,B,B,39.0,156876.0,Y,2455.0
2499,G,G,40.0,156876.0,B,2423.0
2500,B,B,41.0,156876.0,R,1575.0
2501,G,G,42.0,156876.0,Y,2623.0
2502,Y,Y,43.0,156876.0,R,1687.0
2503,G,G,44.0,156876.0,B,1591.0
2504,R,R,45.0,156876.0,Y,2240.0
2505,R,R,47.0,156876.0,R,1424.0
2506,B,B,48.0,156876.0,B,1968.0
2507,R,R,49.0,156876.0,R,1440.0
2508,R,R,51.0,156876.0,R,5760.0
2509,Y,Y,52.0,156876.0,Y,3200.0
2510,R,R,53.0,156876.0,R,1224.0
2511,Y,Y,54.0,156876.0,Y,1104.0
2512,B,B,55.0,156876.0,B,1360.0
2513,G,G,56.0,156876.0,G,2152.0
2514,R,R,57.0,156876.0,R,1248.0
2515,B,B,58.0,156876.0,B,1152.0
2516,G,G,59.0,156876.0,G,1504.0
2517,R,R,60.0,156876.0,R,1592.0
2518,G,G,61.0,156876.0,G,1400.0
2519,R,R,62.0,156876.0,R,1096.0
2520,G,G,63.0,156876.0,G,1016.0
2521,Y,Y,64.0,156876.0,Y,1120.0
2522,R,R,65.0,156876.0,R,2032.0
2523,Y,Y,66.0,156876.0,Y,1072.0
2524,B,B,67.0,156876.0,B,1136.0
2525,R,R,68.0,156876.0,R,1008.0
2526,Y,Y,69.0,156876.0,Y,976.0
2527,B,B,70.0,156876.0,B,992.0
2528,Y,Y,71.0,156876.0,Y,1048.0
2529,G,G,72.0,156876.0,G,1040.0
2530,R,R,73.0,156876.0,R,1080.0
2531,G,G,74.0,156876.0,G,1024.0
2532,B,B,75.0,156876.0,B,1144.0
2533,R,R,76.0,156876.0,R,952.0
2534,G,G,77.0,156876.0,G,1008.0
2535,B,B,78.0,156876.0,B,1264.0
2536,Y,Y,79.0,156876.0,Y,1000.0
2537,B,B,80.0,156876.0,B,968.0
2538,Y,Y,81.0,156876.0,Y,1000.0
2539,R,R,82.0,156876.0,R,1192.0
2540,Y,Y,83.0,156876.0,Y,944.0
2541,B,B,84.0,156876.0,B,936.0
2542,Y,Y,85.0,156876.0,Y,896.0
2543,G,G,86.0,156876.0,G,936.0
2544,Y,Y,87.0,156876.0,Y,944.0
2545,R,R,88.0,156876.0,R,984.0
2546,G,G,89.0,156876.0,G,1096.0
2547,R,R,90.0,156876.0,R,984.0
2548,G,G,3.0,156877.0,Y,4992.0
2549,Y,Y,4.0,156877.0,R,1904.0
2550,R,R,5.0,156877.0,G,5320.0
2551,Y,Y,6.0,156877.0,R,3432.0
2552,B,B,7.0,156877.0,G,3856.0
2553,Y,Y,8.0,156877.0,R,1536.0
2554,B,B,9.0,156877.0,G,1656.0
2555,R,R,10.0,156877.0,B,1872.0
2556,B,B,11.0,156877.0,G,2088.0
2557,G,G,12.0,156877.0,B,5256.0
2558,G,G,14.0,156877.0,B,1552.0
2559,B,B,15.0,156877.0,Y,2208.0
2560,Y,Y,16.0,156877.0,B,1648.0
2561,B,B,17.0,156877.0,G,1752.0
2562,R,R,18.0,156877.0,Y,5344.0
2563,B,B,19.0,156877.0,R,3432.0
2564,R,R,20.0,156877.0,B,1968.0
2565,Y,Y,21.0,156877.0,G,1440.0
2566,R,R,22.0,156877.0,B,1599.0
2567,G,G,23.0,156877.0,R,1711.0
2568,R,R,24.0,156877.0,B,1560.0
2569,B,B,25.0,156877.0,G,2856.0
2570,G,G,26.0,156877.0,Y,1888.0
2571,B,B,27.0,156877.0,R,1512.0
2572,Y,Y,28.0,156877.0,G,1904.0
2573,G,G,29.0,156877.0,B,2799.0
2574,B,B,30.0,156877.0,Y,1648.0
2575,Y,Y,31.0,156877.0,G,1551.0
2576,B,B,32.0,156877.0,R,1360.0
2577,R,R,33.0,156877.0,B,1447.0
2578,B,B,34.0,156877.0,G,3256.0
2579,G,G,35.0,156877.0,Y,3560.0
2580,R,R,36.0,156877.0,G,1615.0
2581,G,G,37.0,156877.0,R,1655.0
2582,Y,Y,38.0,156877.0,G,1599.0
2583,B,B,39.0,156877.0,Y,2455.0
2584,G,G,40.0,156877.0,B,2423.0
2585,B,B,41.0,156877.0,R,1575.0
2586,G,G,42.0,156877.0,Y,2623.0
2587,Y,Y,43.0,156877.0,R,1687.0
2588,G,G,44.0,156877.0,B,1591.0
2589,R,R,45.0,156877.0,Y,2240.0
2590,R,R,47.0,156877.0,R,1424.0
2591,B,B,48.0,156877.0,B,1968.0
2592,R,R,49.0,156877.0,R,1440.0
2593,R,R,51.0,156877.0,R,5760.0
2594,Y,Y,52.0,156877.0,Y,3200.0
2595,R,R,53.0,156877.0,R,1224.0
2596,Y,Y,54.0,156877.0,Y,1104.0
2597,B,B,55.0,156877.0,B,1360.0
2598,G,G,56.0,156877.0,G,2152.0
2599,R,R,57.0,156877.0,R,1248.0
2600,B,B,58.0,156877.0,B,1152.0
2601,G,G,59.0,156877.0,G,1504.0
2602,R,R,60.0,156877.0,R,1592.0
2603,G,G,61.0,156877.0,G,1400.0
2604,R,R,62.0,156877.0,R,1096.0
2605,G,G,63.0,156877.0,G,1016.0
2606,Y,Y,64.0,156877.0,Y,1120.0
2607,R,R,65.0,156877.0,R,2032.0
2608,Y,Y,66.0,156877.0,Y,1072.0
2609,B,B,67.0,156877.0,B,1136.0
2610,R,R,68.0,156877.0,R,1008.0
2611,Y,Y,69.0,156877.0,Y,976.0
2612,B,B,70.0,156877.0,B,992.0
2613,Y,Y,71.0,156877.0,Y,1048.0
2614,G,G,72.0,156877.0,G,1040.0
2615,R,R,73.0,156877.0,R,1080.0
2616,G,G,74.0,156877.0,G,1024.0
2617,B,B,75.0,156877.0,B,1144.0
2618,R,R,76.0,156877.0,R,952.0
2619,G,G,77.0,156877.0,G,1008.0
2620,B,B,78.0,156877.0,B,1264.0
2621,Y,Y,79.0,156877.0,Y,1000.0
2622,B,B,80.0,156877.0,B,968.0
2623,Y,Y,81.0,156877.0,Y,1000.0
2624,R,R,82.0,156877.0,R,1192.0
2625,Y,Y,83.0,156877.0,Y,944.0
2626,B,B,84.0,156877.0,B,936.0
2627,Y,Y,85.0,156877.0,Y,896.0
2628,G,G,86.0,156877.0,G,936.0
2629,Y,Y,87.0,156877.0,Y,944.0
2630,R,R,88.0,156877.0,R,984.0
2631,G,G,89.0,156877.0,G,1096.0
2632,R,R,90.0,156877.0,R,984.0
2633,G,G,3.0,156878.0,Y,4992.0
2634,Y,Y,4.0,156878.0,R,1904.0
2635,R,R,5.0,156878.0,G,5320.0
2636,Y,Y,6.0,156878.0,R,3432.0
2637,B,B,7.0,156878.0,G,3856.0
2638,Y,Y,8.0,156878.0,R,1536.0
2639,B,B,9.0,156878.0,G,1656.0
2640,R,R,10.0,156878.0,B,1872.0
2641,B,B,11.0,156878.0,G,2088.0
2642,G,G,12.0,156878.0,B,5256.0
2643,G,G,14.0,156878.0,B,1552.0
2644,B,B,15.0,156878.0,Y,2208.0
2645,Y,Y,16.0,156878.0,B,1648.0
2646,B,B,17.0,156878.0,G,1752.0
2647,R,R,18.0,156878.0,Y,5344.0
2648,B,B,19.0,156878.0,R,3432.0
2649,R,R,20.0,156878.0,B,1968.0
2650,Y,Y,21.0,156878.0,G,1440.0
2651,R,R,22.0,156878.0,B,1599.0
2652,G,G,23.0,156878.0,R,1711.0
2653,R,R,24.0,156878.0,B,1560.0
2654,B,B,25.0,156878.0,G,2856.0
2655,G,G,26.0,156878.0,Y,1888.0
2656,B,B,27.0,156878.0,R,1512.0
2657,Y,Y,28.0,156878.0,G,1904.0
2658,G,G,29.0,156878.0,B,2799.0
2659,B,B,30.0,156878.0,Y,1648.0
2660,Y,Y,31.0,156878.0,G,1551.0
2661,B,B,32.0,156878.0,R,1360.0
2662,R,R,33.0,156878.0,B,1447.0
2663,B,B,34.0,156878.0,G,3256.0
2664,G,G,35.0,156878.0,Y,3560.0
2665,R,R,36.0,156878.0,G,1615.0
2666,G,G,37.0,156878.0,R,1655.0
2667,Y,Y,38.0,156878.0,G,1599.0
2668,B,B,39.0,156878.0,Y,2455.0
2669,G,G,40.0,156878.0,B,2423.0
2670,B,B,41.0,156878.0,R,1575.0
2671,G,G,42.0,156878.0,Y,2623.0
2672,Y,Y,43.0,156878.0,R,1687.0
2673,G,G,44.0,156878.0,B,1591.0
2674,R,R,45.0,156878.0,Y,2240.0
2675,R,R,47.0,156878.0,R,1424.0
2676,B,B,48.0,156878.0,B,1968.0
2677,R,R,49.0,156878.0,R,1440.0
2678,R,R,51.0,156878.0,R,5760.0
2679,Y,Y,52.0,156878.0,Y,3200.0
2680,R,R,53.0,156878.0,R,1224.0
2681,Y,Y,54.0,156878.0,Y,1104.0
2682,B,B,55.0,156878.0,B,1360.0
2683,G,G,56.0,156878.0,G,2152.0
2684,R,R,57.0,156878.0,R,1248.0
2685,B,B,58.0,156878.0,B,1152.0
2686,G,G,59.0,156878.0,G,1504.0
2687,R,R,60.0,156878.0,R,1592.0
2688,G,G,61.0,156878.0,G,1400.0
2689,R,R,62.0,156878.0,R,1096.0
2690,G,G,63.0,156878.0,G,1016.0
2691,Y,Y,64.0,156878.0,Y,1120.0
2692,R,R,65.0,156878.0,R,2032.0
2693,Y,Y,66.0,156878.0,Y,1072.0
2694,B,B,67.0,156878.0,B,1136.0
2695,R,R,68.0,156878.0,R,1008.0
2696,Y,Y,69.0,156878.0,Y,976.0
2697,B,B,70.0,156878.0,B,992.0
2698,Y,Y,71.0,156878.0,Y,1048.0
2699,G,G,72.0,156878.0,G,1040.0
2700,R,R,73.0,156878.0,R,1080.0
2701,G,G,74.0,156878.0,G,1024.0
2702,B,B,75.0,156878.0,B,1144.0
2703,R,R,76.0,156878.0,R,952.0
2704,G,G,77.0,156878.0,G,1008.0
2705,B,B,78.0,156878.0,B,1264.0
2706,Y,Y,79.0,156878.0,Y,1000.0
2707,B,B,80.0,156878.0,B,968.0
2708,Y,Y,81.0,156878.0,Y,1000.0
2709,R,R,82.0,156878.0,R,1192.0
2710,Y,Y,83.0,156878.0,Y,944.0
2711,B,B,84.0,156878.0,B,936.0
2712,Y,Y,85.0,156878.0,Y,896.0
2713,G,G,86.0,156878.0,G,936.0
2714,Y,Y,87.0,156878.0,Y,944.0
2715,R,R,88.0,156878.0,R,984.0
2716,G,G,89.0,156878.0,G,1096.0
2717,R,R,90.0,156878.0,R,984.0
2718,G,G,3.0,156879.0,Y,4992.0
2719,Y,Y,4.0,156879.0,R,1904.0
2720,R,R,5.0,156879.0,G,5320.0
2721,Y,Y,6.0,156879.0,R,3432.0
2722,B,B,7.0,156879.0,G,3856.0
2723,Y,Y,8.0,156879.0,R,1536.0
2724,B,B,9.0,156879.0,G,1656.0
2725,R,R,10.0,156879.0,B,1872.0
2726,B,B,11.0,156879.0,G,2088.0
2727,G,G,12.0,156879.0,B,5256.0
2728,G,G,14.0,156879.0,B,1552.0
2729,B,B,15.0,156879.0,Y,2208.0
2730,Y,Y,16.0,156879.0,B,1648.0
2731,B,B,17.0,156879.0,G,1752.0
2732,R,R,18.0,156879.0,Y,5344.0
2733,B,B,19.0,156879.0,R,3432.0
2734,R,R,20.0,156879.0,B,1968.0
2735,Y,Y,21.0,156879.0,G,1440.0
2736,R,R,22.0,156879.0,B,1599.0
2737,G,G,23.0,156879.0,R,1711.0
2738,R,R,24.0,156879.0,B,1560.0
2739,B,B,25.0,156879.0,G,2856.0
2740,G,G,26.0,156879.0,Y,1888.0
2741,B,B,27.0,156879.0,R,1512.0
2742,Y,Y,28.0,156879.0,G,1904.0
2743,G,G,29.0,156879.0,B,2799.0
2744,B,B,30.0,156879.0,Y,1648.0
2745,Y,Y,31.0,156879.0,G,1551.0
2746,B,B,32.0,156879.0,R,1360.0
2747,R,R,33.0,156879.0,B,1447.0
2748,B,B,34.0,156879.0,G,3256.0
2749,G,G,35.0,156879.0,Y,3560.0
2750,R,R,36.0,156879.0,G,1615.0
2751,G,G,37.0,156879.0,R,1655.0
2752,Y,Y,38.0,156879.0,G,1599.0
2753,B,B,39.0,156879.0,Y,2455.0
2754,G,G,40.0,156879.0,B,2423.0
2755,B,B,41.0,156879.0,R,1575.0
2756,G,G,42.0,156879.0,Y,2623.0
2757,Y,Y,43.0,156879.0,R,1687.0
2758,G,G,44.0,156879.0,B,1591.0
2759,R,R,45.0,156879.0,Y,2240.0
2760,R,R,47.0,156879.0,R,1424.0
2761,B,B,48.0,156879.0,B,1968.0
2762,R,R,49.0,156879.0,R,1440.0
2763,R,R,51.0,156879.0,R,5760.0
2764,Y,Y,52.0,156879.0,Y,3200.0
2765,R,R,53.0,156879.0,R,1224.0
2766,Y,Y,54.0,156879.0,Y,1104.0
2767,B,B,55.0,156879.0,B,1360.0
2768,G,G,56.0,156879.0,G,2152.0
2769,R,R,57.0,156879.0,R,1248.0
2770,B,B,58.0,156879.0,B,1152.0
2771,G,G,59.0,156879.0,G,1504.0
2772,R,R,60.0,156879.0,R,1592.0
2773,G,G,61.0,156879.0,G,1400.0
2774,R,R,62.0,156879.0,R,1096.0
2775,G,G,63.0,156879.0,G,1016.0
2776,Y,Y,64.0,156879.0,Y,1120.0
2777,R,R,65.0,156879.0,R,2032.0
2778,Y,Y,66.0,156879.0,Y,1072.0
2779,B,B,67.0,156879.0,B,1136.0
2780,R,R,68.0,156879.0,R,1008.0
2781,Y,Y,69.0,156879.0,Y,976.0
2782,B,B,70.0,156879.0,B,992.0
2783,Y,Y,71.0,156879.0,Y,1048.0
2784,G,G,72.0,156879.0,G,1040.0
2785,R,R,73.0,156879.0,R,1080.0
2786,G,G,74.0,156879.0,G,1024.0
2787,B,B,75.0,156879.0,B,1144.0
2788,R,R,76.0,156879.0,R,952.0
2789,G,G,77.0,156879.0,G,1008.0
2790,B,B,78.0,156879.0,B,1264.0
2791,Y,Y,79.0,156879.0,Y,1000.0
2792,B,B,80.0,156879.0,B,968.0
2793,Y,Y,81.0,156879.0,Y,1000.0
2794,R,R,82.0,156879.0,R,1192.0
2795,Y,Y,83.0,156879.0,Y,944.0
2796,B,B,84.0,156879.0,B,936.0
2797,Y,Y,85.0,156879.0,Y,896.0
2798,G,G,86.0,156879.0,G,936.0
2799,Y,Y,87.0,156879.0,Y,944.0
2800,R,R,88.0,156879.0,R,984.0
2801,G,G,89.0,156879.0,G,1096.0
2802,R,R,90.0,156879.0,R,984.0
